Workbook

Sheet DASHBOARD
A2: TOTAL DE INTERVENÇÕES 2026
A3: =Totais!M22 -> 150
K9: =+'Pedidos de Intervenção'!K192026 -> 0
L35: `

Sheet JAN
B1: Assistências Nas Escolas 2026
B3: JANEIRO
A4: Data Pedido | B4: Data | C4: Estabelecimento | D4: Freguesia | E4: Agrupamento | F4: Hardware | G4: Software | H4: Redes | I4: VPN | J4: AudioVisual | K4: Tipo de Intervenção | L4: Material Recolhido / Abatido
B5: 46027 | C5: EB1 Monte Real | E5: =IF(C5>0,LOOKUP(C5,'Lista de Escolas'!$C$3:$C$178,'Lista de Escolas'!$E$3:$E$178),"") -> Escolas Rainha Santa Isabel | H5: 1 | K5: Substituição de Access Point
B6: 46027 | C6: JI Ruivaqueira | E6: =IF(C6>0,LOOKUP(C6,'Lista de Escolas'!$C$3:$C$178,'Lista de Escolas'!$E$3:$E$178),"") -> Henrique Sommer | F6: 1 | H6: 1 | K6: Aberto pedido de reparação da internet junto da assistência técnica da Altice, substituição de Portátil
B7: 46028 | C7: EB1 Barreiros | E7: =IF(C7>0,LOOKUP(C7,'Lista de Escolas'!$C$3:$C$178,'Lista de Escolas'!$E$3:$E$178),"") -> Escolas Domingos Sequeira | I7: 1 | K7: configuração do portátil da VPN das auxiliares
B8: 46029 | C8: Eb1 Caxieira | E8: =IF(C8>0,LOOKUP(C8,'Lista de Escolas'!$C$3:$C$178,'Lista de Escolas'!$E$3:$E$178),"") -> Escolas Domingos Sequeira | H8: 1 | I8: 1 | K8: reinstalação e configuração de VPN, resoluição de problemas de acesso á internet num pc fixo
B9: 46029 | C9: Eb1 Bidoeira de Cima | E9: =IF(C9>0,LOOKUP(C9,'Lista de Escolas'!$C$3:$C$178,'Lista de Escolas'!$E$3:$E$178),"") -> Escolas Domingos Sequeira | H9: 1 | K9: avaliação de necessidades de rede wifi para a realização de projeto de programação em contexto de sala de aula
B10: 46029 | C10: JI Telheiro | E10: =IF(C10>0,LOOKUP(C10,'Lista de Escolas'!$C$3:$C$178,'Lista de Escolas'!$E$3:$E$178),"") -> Henrique Sommer | H10: 1 | K10: avaliação de necessidades de equipamento para passagem de rede para o pavilhão dfas AAAF
B11: 46030 | C11: EB1 Palmeiria | E11: =IF(C11>0,LOOKUP(C11,'Lista de Escolas'!$C$3:$C$178,'Lista de Escolas'!$E$3:$E$178),"") -> Escolas Rainha Santa Isabel | F11: 1 | K11: recolha de portátil para reparação
B12: 46030 | C12: JI Palmeiria | E12: =IF(C12>0,LOOKUP(C12,'Lista de Escolas'!$C$3:$C$178,'Lista de Escolas'!$E$3:$E$178),"") -> Henrique Sommer | F12: 1 | G12: 1 | K12: formatação e instalação de todo o software do portátil do JI
B13: 46030 | C13: EB1 Casal Novo | E13: =IF(C13>0,LOOKUP(C13,'Lista de Escolas'!$C$3:$C$178,'Lista de Escolas'!$E$3:$E$178),"") -> Escolas Domingos Sequeira | F13: 1 | G13: 1 | K13: recolha de computador para formatação e instalação de todo o software
B14: 46031 | C14: EB1 Monte Redondo | E14: =IF(C14>0,LOOKUP(C14,'Lista de Escolas'!$C$3:$C$176,'Lista de Escolas'!$E$3:$E$176),"") -> Escolas Rainha Santa Isabel | F14: 1 | J14: 1 | K14: recolha de pc para reparação, ligação de quadro interativo, configuração de impressoras
B15: 46031 | C15: JI Loureira | E15: =IF(C15>0,LOOKUP(C15,'Lista de Escolas'!$C$3:$C$176,'Lista de Escolas'!$E$3:$E$176),"") -> Escolas Rainha Santa Isabel | I15: 1 | K15: Configuração de vpn
B16: 46031 | C16: Eb1 Machados | E16: =IF(C16>0,LOOKUP(C16,'Lista de Escolas'!$C$3:$C$174,'Lista de Escolas'!$E$3:$E$174),"") -> Escolas Rainha Santa Isabel | F16: 1 | H16: 1 | K16: resolução de anomalias na internet, configuração de 2 access points, substituição do telefone
B17: 46031 | C17: EB1 Andrinos | E17: =IF(C17>0,LOOKUP(C17,'Lista de Escolas'!$C$3:$C$174,'Lista de Escolas'!$E$3:$E$174),"") -> Escolas Domingos Sequeira | F17: 1 | K17: recolha de pc para substituição de disco
B18: 46034 | C18: Ji Loureira | E18: =IF(C18>0,LOOKUP(C18,'Lista de Escolas'!$C$3:$C$174,'Lista de Escolas'!$E$3:$E$174),"") -> Escolas Rainha Santa Isabel | I18: 1 | K18: Verificação de anomalias no funcionamento do sftware de VPN
B19: 46034 | C19: EB1 Monte Redondo | E19: =IF(C19>0,LOOKUP(C19,'Lista de Escolas'!$C$3:$C$174,'Lista de Escolas'!$E$3:$E$174),"") -> Escolas Rainha Santa Isabel | F19: 1 | K19: recolha de computador para reparação
B20: 46034 | C20: EB1 Caranguejeira | E20: =IF(C20>0,LOOKUP(C20,'Lista de Escolas'!$C$3:$C$174,'Lista de Escolas'!$E$3:$E$174),"") -> Escolas Dr. Correia Mateus | H20: 1 | K20: Reparação de acesso à internet num computador fixo
B21: 46034 | C21: Eb1 Souto de cima | E21: =IF(C21>0,LOOKUP(C21,'Lista de Escolas'!$C$3:$C$174,'Lista de Escolas'!$E$3:$E$174),"") -> Escolas Rainha Santa Isabel | F21: 1 | I21: 1 | K21: avaliação das necessidades informáticas na sala 2, verificação de anomalias na vpn, e verificação de trackpad num portátil
B22: 46035 | C22: Eb1 Monte Redondo | E22: =IF(C22>0,LOOKUP(C22,'Lista de Escolas'!$C$3:$C$174,'Lista de Escolas'!$E$3:$E$174),"") -> Escolas Rainha Santa Isabel | F22: 1 | K22: entrega de computador reparado
B23: 46035 | C23: Eb1 Andrinos | E23: =IF(C23>0,LOOKUP(C23,'Lista de Escolas'!$C$3:$C$174,'Lista de Escolas'!$E$3:$E$174),"") -> Escolas Domingos Sequeira | F23: 1 | K23: entrega de computador reparado
B24: 46036 | C24: EB1 Barosa | E24: =IF(C24>0,LOOKUP(C24,'Lista de Escolas'!$C$3:$C$174,'Lista de Escolas'!$E$3:$E$174),"") -> Escolas Dr. Correia Mateus | F24: 1 | G24: 1 | K24: Recolha de 4 computadores para substituição de disscos, formatação e instalação de software
B25: 46038 | C25: EB1 Barosa | E25: =IF(C25>0,LOOKUP(C25,'Lista de Escolas'!$C$3:$C$174,'Lista de Escolas'!$E$3:$E$174),"") -> Escolas Dr. Correia Mateus | F25: 1 | G25: 1 | K25: entrega de 4 computadoes reparado e instalação de um monitor
B26: 46038 | C26: Eb1 Casal Novo | E26: =IF(C26>0,LOOKUP(C26,'Lista de Escolas'!$C$3:$C$174,'Lista de Escolas'!$E$3:$E$174),"") -> Escolas Dr. Correia Mateus | G26: 1 | H26: 1 | K26: Resolução de problemas no som do projetor
B27: 46038 | C27: EB1 Arrabal | E27: =IF(C27>0,LOOKUP(C27,'Lista de Escolas'!$C$3:$C$174,'Lista de Escolas'!$E$3:$E$174),"") -> Escolas Dr. Correia Mateus | F27: 1 | G27: 1 | K27: resolução de problemas de rede, reinstalação de drive de impressora
B28: 46038 | C28: EB1 Arrabalde | E28: =IF(C28>0,LOOKUP(C28,'Lista de Escolas'!$C$3:$C$174,'Lista de Escolas'!$E$3:$E$174),"") -> Escolas Dr. Correia Mateus | F28: 1 | G28: 1 | K28: Recolha de 4 computadores para substituição de disscos, formatação e instalação de software
B29: 46038 | C29: EB1 Branca | E29: =IF(C29>0,LOOKUP(C29,'Lista de Escolas'!$C$3:$C$174,'Lista de Escolas'!$E$3:$E$174),"") -> Escolas Dr. Correia Mateus | F29: 1 | H29: 1 | K29: Instalação de swith e access point para expansão da wan ao novo pavilhão da biblioteca, reparação de arranque de pc
B30: 46044 | C30: EB1 Reixida | E30: =IF(C30>0,LOOKUP(C30,'Lista de Escolas'!$C$3:$C$174,'Lista de Escolas'!$E$3:$E$174),"") -> Escolas Rainha Santa Isabel | F30: 1 | G30: 1 | K30: Recolha de dois comnputadores para subnstituir disco, formatação e instalação de software
B31: 46044 | C31: EB1 Arrabalde | E31: =IF(C31>0,LOOKUP(C31,'Lista de Escolas'!$C$3:$C$174,'Lista de Escolas'!$E$3:$E$174),"") -> Escolas Dr. Correia Mateus | F31: 1 | G31: 1 | K31: Entrega de 4 computadores reparados, configiuração de impressoras e acesso á redeqwireless
B32: 46044 | C32: Eb1 Capuchos | E32: =IF(C32>0,LOOKUP(C32,'Lista de Escolas'!$C$3:$C$174,'Lista de Escolas'!$E$3:$E$174),"") -> Escolas Dr. Correia Mateus | H32: 1 | K32: Avaliação de necessidade de equipamentos de rede para reparação de avaria
B33: 46044 | C33: Eb1 Branca | E33: =IF(C33>0,LOOKUP(C33,'Lista de Escolas'!$C$3:$C$174,'Lista de Escolas'!$E$3:$E$174),"") -> Escolas Dr. Correia Mateus | F33: 1 | J33: 1 | K33: substituição de monitor,instalaçãod e adaptador HDMI e splitter em quadro iteractivo, aajuste nos cabos monitor para melhoria de imagem
B34: 46045 | C34: JI Loureira | E34: =IF(C34>0,LOOKUP(C34,'Lista de Escolas'!$C$3:$C$174,'Lista de Escolas'!$E$3:$E$174),"") -> Escolas Rainha Santa Isabel | J34: 1 | K34: entrega de colunas novas
B35: 46045 | C35: EB1 Monte Redondo | E35: =IF(C35>0,LOOKUP(C35,'Lista de Escolas'!$C$3:$C$174,'Lista de Escolas'!$E$3:$E$174),"") -> Escolas Rainha Santa Isabel | G35: 1 | K35: configuração de acesso à impressora em todos os computadores
B36: 46045 | C36: Centro Escolar Maceira | E36: =IF(C36>0,LOOKUP(C36,'Lista de Escolas'!$C$3:$C$174,'Lista de Escolas'!$E$3:$E$174),"") -> #N/A | F36: 1 | G36: 1 | K36: resolução de problemas em dois quadros imnteractivos, ajustes de cabos e instalação de drives
B37: 46045 | C37: Ji A-dos-pretos | E37: =IF(C37>0,LOOKUP(C37,'Lista de Escolas'!$C$3:$C$174,'Lista de Escolas'!$E$3:$E$174),"") -> Escolas Rainha Santa Isabel | F37: 1 | G37: 1 | K37: Recolha de dois comnputadores para subnstituir disco, formatação e instalação de software
B38: 46045 | C38: EB1 Amarela | E38: =IF(C38>0,LOOKUP(C38,'Lista de Escolas'!$C$3:$C$174,'Lista de Escolas'!$E$3:$E$174),"") -> #N/A | F38: 1 | G38: 1 | K38: recolha de 5 computadores para substituição de disscos, formatação e instalação de software
B39: 46049 | C39: EB1 Capuchos | E39: =IF(C39>0,LOOKUP(C39,'Lista de Escolas'!$C$3:$C$174,'Lista de Escolas'!$E$3:$E$174),"") -> Escolas Dr. Correia Mateus | H39: 1 | K39: instalação de extensor de rede na sala 2
B40: 46049 | C40: Eb1 Souto da Carpalhosa | E40: =IF(C40>0,LOOKUP(C40,'Lista de Escolas'!$C$3:$C$174,'Lista de Escolas'!$E$3:$E$174),"") -> Escolas Rainha Santa Isabel | H40: 1 | K40: aferição de necessidades da mudança de linha do JI para o novo edificio
B41: 46049 | C41: JI Bairro das Almoinhas | E41: =IF(C41>0,LOOKUP(C41,'Lista de Escolas'!$C$3:$C$174,'Lista de Escolas'!$E$3:$E$174),"") -> Escolas Rainha Santa Isabel | H41: 1 | K41: aferição de necessidades de ligação da internet após obras
E42: =IF(C42>0,LOOKUP(C42,'Lista de Escolas'!$C$3:$C$174,'Lista de Escolas'!$E$3:$E$174),"")
E43: =IF(C43>0,LOOKUP(C43,'Lista de Escolas'!$C$3:$C$174,'Lista de Escolas'!$E$3:$E$174),"")
E44: =IF(C44>0,LOOKUP(C44,'Lista de Escolas'!$C$3:$C$174,'Lista de Escolas'!$E$3:$E$174),"")
E45: =IF(C45>0,LOOKUP(C45,'Lista de Escolas'!$C$3:$C$174,'Lista de Escolas'!$E$3:$E$174),"")
E46: =IF(C46>0,LOOKUP(C46,'Lista de Escolas'!$C$3:$C$174,'Lista de Escolas'!$E$3:$E$174),"")
E47: =IF(C47>0,LOOKUP(C47,'Lista de Escolas'!$C$3:$C$174,'Lista de Escolas'!$E$3:$E$174),"")
E48: =IF(C48>0,LOOKUP(C48,'Lista de Escolas'!$C$3:$C$174,'Lista de Escolas'!$E$3:$E$174),"")
E49: =IF(C49>0,LOOKUP(C49,'Lista de Escolas'!$C$3:$C$174,'Lista de Escolas'!$E$3:$E$174),"")
E50: =IF(C50>0,LOOKUP(C50,'Lista de Escolas'!$C$3:$C$174,'Lista de Escolas'!$E$3:$E$174),"")
E51: =IF(C51>0,LOOKUP(C51,'Lista de Escolas'!$C$3:$C$174,'Lista de Escolas'!$E$3:$E$174),"")
E52: =IF(C52>0,LOOKUP(C52,'Lista de Escolas'!$C$3:$C$174,'Lista de Escolas'!$E$3:$E$174),"")
E53: =IF(C53>0,LOOKUP(C53,'Lista de Escolas'!$C$3:$C$174,'Lista de Escolas'!$E$3:$E$174),"")
... E62: =IF(C62>0,LOOKUP(C62,'Lista de Escolas'!$C$3:$C$174,'Lista de Escolas'!$E$3:$E$174),"")
E63: =IF(C63>0,LOOKUP(C63,'Lista de Escolas'!$C$3:$C$174,'Lista de Escolas'!$E$3:$E$174),"") | F63: Tot Hardware | G63: Tot Software | H63: Tot Redes | I63: Tot vpn | J63: Tot audiovisuais
B64: Tot. Visitas | C64: Escolas Rainha Santa Isabel | E64: =COUNTIFS(E5:E54,"=Escolas Rainha Santa Isabel") -> 15 | F64: =SUM(F5:F41) -> 22 | G64: =SUM(G5:G41) -> 13 | H64: =SUM(H5:H41) -> 13 | I64: =SUM(I5:I41) -> 5 | J64: =SUM(J5:J41) -> 3
B65: =COUNT(B5:B63) -> 37 | C65: Escolas Dr. Correia Mateus | E65: =COUNTIFS(E5:E54,"=Escolas Dr. Correia Mateus") -> 11
C66: Escolas da Caranguejeira | E66: =COUNTIFS(E5:E54,"=Escolas da Caranguejeira - Santa Catarina da Serra") -> 0
C67: Escolas de Colmeias | E67: =COUNTIFS(E5:E54,"=Escolas de Colmeias") -> 0
C68: Escolas de Marrazes | E68: =COUNTIFS(E5:E54,"=Escolas de Marrazes") -> 0
C69: Escolas Domingos Sequeira | E69: =COUNTIFS(E5:E54,"=Escolas Domingos Sequeira") -> 6
C70: Escolas D. Dinis | E70: =COUNTIFS(E5:E54,"=Escolas D. Dinis") -> 0
C71: Escolas Maceira | E71: =COUNTIFS(E5:E55,"=Henrique Sommer") -> 3
C72: TOTAL DE VISITAS | E72: =SUM(E64:E71) -> 35

Sheet FEV
B1: Assistências Nas Escolas 2026
B3: FEVEREIRO
A4: Data Pedido | B4: Data | D4: Freguesia | E4: Agrupamento | F4: Hardware | G4: Software | H4: Redes | I4: VPN | J4: AudioVisual | K4: Tipo de Intervenção | L4: Material Recolhido / Abatido
B5: 46071 | C5: EB1 Monte Redondo | E5: =IF(C5>0,LOOKUP(C5,'Lista de Escolas'!$C$3:$C$178,'Lista de Escolas'!$E$3:$E$178),"") -> Escolas Rainha Santa Isabel | F5: 1 | K5: entrega de monitor novo, para substituir o que estava partido | L5: -
B6: 46073 | C6: EB1 Branca | E6: =IF(C6>0,LOOKUP(C6,'Lista de Escolas'!$C$3:$C$178,'Lista de Escolas'!$E$3:$E$178),"") -> Escolas Domingos Sequeira | F6: 1 | K6: substituição de módulo de memórias, atualização de sistema operativo | L6: -
B7: 46076 | C7: EB1 Outeiro da Fonte | E7: =IF(C7>0,LOOKUP(C7,'Lista de Escolas'!$C$3:$C$178,'Lista de Escolas'!$E$3:$E$178),"") -> Escolas Rainha Santa Isabel | F7: 1 | G7: 1 | K7: substituição de módulo de memórias, ativação do microsoft Office em 3 máquinas
B8: 46076 | C8: EB1 Barosa | E8: =IF(C8>0,LOOKUP(C8,'Lista de Escolas'!$C$3:$C$178,'Lista de Escolas'!$E$3:$E$178),"") -> Escolas D. Dinis | F8: 1 | K8: vedrificação de ligação á impressora
B9: 46079 | C9: EB1 Souto da Carpalhosa | E9: =IF(C9>0,LOOKUP(C9,'Lista de Escolas'!$C$3:$C$178,'Lista de Escolas'!$E$3:$E$178),"") -> Escolas Rainha Santa Isabel | H9: 1 | K9: verificação do acesso à internet, ligação dos equipamentos ativos de rede, e aberto pedido de intervenção junto do NSO
B10: 46079 | C10: EB1 Branca | E10: =IF(C10>0,LOOKUP(C10,'Lista de Escolas'!$C$3:$C$178,'Lista de Escolas'!$E$3:$E$178),"") -> Escolas Domingos Sequeira | H10: 1 | K10: instalação de switch para deistribuição da rede para os diversos access points
B11: 46080 | C11: EB1 Outeiro da Fonte | E11: =IF(C11>0,LOOKUP(C11,'Lista de Escolas'!$C$3:$C$178,'Lista de Escolas'!$E$3:$E$178),"") -> Escolas Rainha Santa Isabel | G11: 1 | K11: configuração de duas impressoras
B12: 46080 | C12: EB1 Chãs | E12: =IF(C12>0,LOOKUP(C12,'Lista de Escolas'!$C$3:$C$178,'Lista de Escolas'!$E$3:$E$178),"") -> Escolas Domingos Sequeira | F12: 1 | G12: 1 | I12: 1 | K12: entrega e configuração vpn no portatil para acesso à plataforma de assiduidade
B13: 46080 | C13: EB1 Souto do Meio | E13: =IF(C13>0,LOOKUP(C13,'Lista de Escolas'!$C$3:$C$178,'Lista de Escolas'!$E$3:$E$178),"") -> Escolas Rainha Santa Isabel | F13: 1 | K13: entrega de um pc reparado
B14: 46080 | C14: EB1 Reixida | E14: =IF(C14>0,LOOKUP(C14,'Lista de Escolas'!$C$3:$C$178,'Lista de Escolas'!$E$3:$E$178),"") -> Escolas Rainha Santa Isabel | F14: 1 | K14: entrega de dois computadores reparados
B15: 46080 | C15: EB1 Guimarota | E15: =IF(C15>0,LOOKUP(C15,'Lista de Escolas'!$C$3:$C$178,'Lista de Escolas'!$E$3:$E$178),"") -> Escolas Domingos Sequeira | F15: 1 | K15: recolha de 4 computadores para reparação
E16: =IF(C16>0,LOOKUP(C16,'Lista de Escolas'!$C$3:$C$178,'Lista de Escolas'!$E$3:$E$178),"")
E17: =IF(C17>0,LOOKUP(C17,'Lista de Escolas'!$C$3:$C$178,'Lista de Escolas'!$E$3:$E$178),"")
E18: =IF(C18>0,LOOKUP(C18,'Lista de Escolas'!$C$3:$C$178,'Lista de Escolas'!$E$3:$E$178),"")
E19: =IF(C19>0,LOOKUP(C19,'Lista de Escolas'!$C$3:$C$178,'Lista de Escolas'!$E$3:$E$178),"")
E20: =IF(C20>0,LOOKUP(C20,'Lista de Escolas'!$C$3:$C$178,'Lista de Escolas'!$E$3:$E$178),"")
E21: =IF(C21>0,LOOKUP(C21,'Lista de Escolas'!$C$3:$C$178,'Lista de Escolas'!$E$3:$E$178),"")
E22: =IF(C22>0,LOOKUP(C22,'Lista de Escolas'!$C$3:$C$178,'Lista de Escolas'!$E$3:$E$178),"")
E23: =IF(C23>0,LOOKUP(C23,'Lista de Escolas'!$C$3:$C$178,'Lista de Escolas'!$E$3:$E$178),"")
E24: =IF(C24>0,LOOKUP(C24,'Lista de Escolas'!$C$3:$C$178,'Lista de Escolas'!$E$3:$E$178),"")
E25: =IF(C25>0,LOOKUP(C25,'Lista de Escolas'!$C$3:$C$178,'Lista de Escolas'!$E$3:$E$178),"")
E26: =IF(C26>0,LOOKUP(C26,'Lista de Escolas'!$C$3:$C$178,'Lista de Escolas'!$E$3:$E$178),"")
E27: =IF(C27>0,LOOKUP(C27,'Lista de Escolas'!$C$3:$C$178,'Lista de Escolas'!$E$3:$E$178),"")
... E51: =IF(C51>0,LOOKUP(C51,'Lista de Escolas'!$C$3:$C$178,'Lista de Escolas'!$E$3:$E$178),"")
E52: =IF(C53>0,LOOKUP(C53,'Lista de Escolas'!$C$3:$C$178,'Lista de Escolas'!$E$3:$E$178),"")
E53: =IF(C54>0,LOOKUP(C54,'Lista de Escolas'!$C$3:$C$178,'Lista de Escolas'!$E$3:$E$178),"")
E54: =IF(C55>0,LOOKUP(C55,'Lista de Escolas'!$C$3:$C$178,'Lista de Escolas'!$E$3:$E$178),"")
E55: =IF(C55>0,LOOKUP(C55,'Lista de Escolas'!$C$3:$C$178,'Lista de Escolas'!$E$3:$E$178),"")
E56: =IF(C56>0,LOOKUP(C56,'Lista de Escolas'!$C$3:$C$178,'Lista de Escolas'!$E$3:$E$178),"")
E57: =IF(C57>0,LOOKUP(C57,'Lista de Escolas'!$C$3:$C$178,'Lista de Escolas'!$E$3:$E$178),"")
E58: =IF(C58>0,LOOKUP(C58,'Lista de Escolas'!$C$3:$C$178,'Lista de Escolas'!$E$3:$E$178),"")
E59: =IF(C59>0,LOOKUP(C59,'Lista de Escolas'!$C$3:$C$178,'Lista de Escolas'!$E$3:$E$178),"")
E60: =IF(C60>0,LOOKUP(C60,'Lista de Escolas'!$C$3:$C$178,'Lista de Escolas'!$E$3:$E$178),"")
E61: =IF(C61>0,LOOKUP(C61,'Lista de Escolas'!$C$3:$C$178,'Lista de Escolas'!$E$3:$E$178),"")
E62: =IF(C62>0,LOOKUP(C62,'Lista de Escolas'!$C$3:$C$178,'Lista de Escolas'!$E$3:$E$178),"")
E63: =IF(C63>0,LOOKUP(C63,'Lista de Escolas'!$C$3:$C$178,'Lista de Escolas'!$E$3:$E$178),"")
E64: =IF(C64>0,LOOKUP(C64,'Lista de Escolas'!$C$3:$C$178,'Lista de Escolas'!$E$3:$E$178),"")
E65: =IF(C65>0,LOOKUP(C65,'Lista de Escolas'!$C$3:$C$178,'Lista de Escolas'!$E$3:$E$178),"")
E66: =IF(C66>0,LOOKUP(C66,'Lista de Escolas'!$C$3:$C$178,'Lista de Escolas'!$E$3:$E$178),"")
... E82: =IF(C82>0,LOOKUP(C82,'Lista de Escolas'!$C$3:$C$178,'Lista de Escolas'!$E$3:$E$178),"")
E83: =IF(C83>0,LOOKUP(C83,'Lista de Escolas'!$C$3:$C$178,'Lista de Escolas'!$E$3:$E$178),"") | F83: Tot Hardware | G83: Tot Software | H83: Tot Redes | I83: Tot vpn | J83: Tot audiovisuais
B84: Tot. Visitas | C84: Escolas Rainha Santa Isabel | E84: =COUNTIFS(E5:E82,"=Escolas Rainha Santa Isabel") -> 6 | F84: =SUM(F5:F64) -> 8 | G84: =SUM(G5:G79) -> 3 | H84: =SUM(H5:H79) -> 2 | I84: =SUM(I5:I79) -> 1 | J84: =SUM(J5:J79) -> 0
B85: =COUNT(B5:B82) -> 11 | C85: Escolas Dr. Correia Mateus | E85: =COUNTIFS(E5:E82,"=Escolas Dr. Correia Mateus") -> 0
C86: Escolas da Caranguejeira | E86: =COUNTIFS(E5:E82,"=Escolas da Caranguejeira - Santa Catarina da Serra") -> 0
C87: Escolas de Colmeias | E87: =COUNTIFS(E5:E82,"=Escolas de Colmeias") -> 0
C88: Escolas de Marrazes | E88: =COUNTIFS(E5:E82,"=Escolas de Marrazes") -> 0
C89: Escolas Domingos Sequeira | E89: =COUNTIFS(E5:E82,"=Escolas Domingos Sequeira") -> 4
C90: Escolas D. Dinis | E90: =COUNTIFS(E5:E82,"=Escolas D. Dinis") -> 1
C91: Escolas Maceira | E91: =COUNTIFS(E5:E82,"=Henrique Sommer") -> 0
C92: TOTAL DE VISITAS | E92: =SUM(E84:E91) -> 11

Sheet MAR
B1: Assistências Nas Escolas 2026
B3: MARÇO
A4: Data Pedido | B4: Data | C4: Estabelecimento | D4: Freguesia | E4: Agrupamento | F4: Hardware | G4: Software | H4: Redes | I4: VPN | J4: AudioVisual | K4: Tipo de Intervenção | L4: Material Recolhido / Abatido
B5: 46083 | C5: EB1 Sismaria | E5: =IF(C5>0,LOOKUP(C5,'Lista de Escolas'!$C$2:$C$181,'Lista de Escolas'!$E$2:$E$181),"") -> Escolas Rainha Santa Isabel | H5: 1 | K5: verificação do estado do acesso à internet, abertura de ticket junto do NSO
B6: 46083 | C6: JI Bairro das Almoinhas | E6: =IF(C6>0,LOOKUP(C6,'Lista de Escolas'!$C$2:$C$181,'Lista de Escolas'!$E$2:$E$181),"") -> Escolas Rainha Santa Isabel | H6: 1 | K6: verificação do estado do acesso à internet, abertura de ticket junto do MEO EMPRESAS
B7: 46083 | C7: Ji A-dos-Pretos | E7: =IF(C7>0,LOOKUP(C7,'Lista de Escolas'!$C$2:$C$181,'Lista de Escolas'!$E$2:$E$181),"") -> Escolas Rainha Santa Isabel | F7: 1 | K7: entrega de dois copmputadores reparados
B8: 46083 | C8: EB1 Marinheiros | E8: =IF(C8>0,LOOKUP(C8,'Lista de Escolas'!$C$2:$C$181,'Lista de Escolas'!$E$2:$E$181),"") -> Escolas Domingos Sequeira | F8: 1 | G8: 1 | K8: recolha de pc para substituição de disco e instalação de todo o software
B9: 46083 | C9: EB1 Guimarota | E9: =IF(C9>0,LOOKUP(C9,'Lista de Escolas'!$C$2:$C$181,'Lista de Escolas'!$E$2:$E$181),"") -> Escolas Domingos Sequeira | F9: 1 | K9: entrega e instalação de 4 computadores reparados
B10: 46083 | C10: JI Guimarota | E10: =IF(C10>0,LOOKUP(C10,'Lista de Escolas'!$C$2:$C$181,'Lista de Escolas'!$E$2:$E$181),"") -> Escolas Rainha Santa Isabel | H10: 1 | K10: verificação de acesso à interner, abertura de ticket junto da MEO EMPRESAS
B11: 46085 | C11: JI Santa Catarina da Serra | E11: =IF(C11>0,LOOKUP(C11,'Lista de Escolas'!$C$2:$C$181,'Lista de Escolas'!$E$2:$E$181),"") -> Henrique Sommer | F11: 1 | K11: recolha de monitor para substituição | L11: -
B12: 46087 | C12: JI Santa Catarina da Serra | E12: =IF(C12>0,LOOKUP(C12,'Lista de Escolas'!$C$2:$C$181,'Lista de Escolas'!$E$2:$E$181),"") -> Henrique Sommer | F12: 1 | K12: entrega de computador reparado e monitor
B13: 46087 | C13: ji Outeiro da Fonte | E13: =IF(C13>0,LOOKUP(C13,'Lista de Escolas'!$C$2:$C$181,'Lista de Escolas'!$E$2:$E$181),"") -> Escolas Rainha Santa Isabel | F13: 1 | K13: verificação de anomalia no arranque de um pc
B14: 46090 | C14: JI Telheiro | E14: =IF(C14>0,LOOKUP(C14,'Lista de Escolas'!$C$2:$C$181,'Lista de Escolas'!$E$2:$E$181),"") -> Henrique Sommer | H14: 1 | K14: ligação de pc à internet, aferição de necessidades de passagem de cabo de rede para a AAAF
B15: 46090 | C15: EB1 lameira | E15: =IF(C15>0,LOOKUP(C15,'Lista de Escolas'!$C$2:$C$181,'Lista de Escolas'!$E$2:$E$181),"") -> Escolas Domingos Sequeira | H15: 1 | K15: passagem de cabo de rede entre salas, e comunicação ao NSO de falta de internet | L15: -
B16: 46090 | C16: EB1 Capuchos | E16: =IF(C16>0,LOOKUP(C16,'Lista de Escolas'!$C$2:$C$181,'Lista de Escolas'!$E$2:$E$181),"") -> Escolas da Caranguejeira - Santa Catarina da Serra | H16: 1 | K16: substituição de cabo de rede para a sala do R/C | L16: -
B17: 46091 | C17: EB1 Guimarota | E17: =IF(C17>0,LOOKUP(C17,'Lista de Escolas'!$C$2:$C$181,'Lista de Escolas'!$E$2:$E$181),"") -> Escolas Domingos Sequeira | F17: 1 | K17: entrega de doias ratos | L17: -
B18: 46091 | C18: EB1 Amarela | E18: =IF(C18>0,LOOKUP(C18,'Lista de Escolas'!$C$2:$C$181,'Lista de Escolas'!$E$2:$E$181),"") -> Escolas D. Dinis | F18: 1 | H18: 1 | I18: 1 | K18: entrega de 4 pc's reparados, instalalação de vpn, reconfiguração de ap's | L18: -
B19: 46094 | C19: EB1 Casal Novo | E19: =IF(C19>0,LOOKUP(C19,'Lista de Escolas'!$C$2:$C$181,'Lista de Escolas'!$E$2:$E$181),"") -> Escolas da Caranguejeira - Santa Catarina da Serra | F19: 1 | K19: ajuste de memórias na board | L19: -
B20: 46094 | C20: EB1 Barreiros | E20: =IF(C20>0,LOOKUP(C20,'Lista de Escolas'!$C$2:$C$181,'Lista de Escolas'!$E$2:$E$181),"") -> Escolas D. Dinis | I20: 1 | K20: reinstalação e configuração do software da vpn em dois pcs
B21: 46100 | C21: EB1 Porto Carro | E21: =IF(C21>0,LOOKUP(C21,'Lista de Escolas'!$C$2:$C$181,'Lista de Escolas'!$E$2:$E$181),"") -> Escolas Rainha Santa Isabel | F21: 1 | K21: recolha de computador para reparar | L21: -
B22: 46100 | C22: EB1 A-Dos-Pretos | E22: =IF(C22>0,LOOKUP(C22,'Lista de Escolas'!$C$2:$C$181,'Lista de Escolas'!$E$2:$E$181),"") -> #N/A | F22: 1 | K22: recolha de pc para reparar
B23: 46100 | C23: ji Outeiro da Fonte | E23: =IF(C23>0,LOOKUP(C23,'Lista de Escolas'!$C$2:$C$181,'Lista de Escolas'!$E$2:$E$181),"") -> Escolas Rainha Santa Isabel | F23: 1 | K23: recolha de pc para reparar
B24: 46104 | C24: EB1 Porto Carro | E24: =IF(C24>0,LOOKUP(C24,'Lista de Escolas'!$C$2:$C$181,'Lista de Escolas'!$E$2:$E$181),"") -> Escolas Rainha Santa Isabel | F24: 1 | K24: Entrega de pc reparado, configuração de colunas
B25: 46104 | C25: EB1 A-Dos-Pretos | E25: =IF(C25>0,LOOKUP(C25,'Lista de Escolas'!$C$2:$C$181,'Lista de Escolas'!$E$2:$E$181),"") -> #N/A | F25: 1 | K25: entrega de pc reparado e conjunto novo (pc+monitor+teclado e rato)
B26: 46104 | C26: EB1 Bajouca | E26: =IF(C26>0,LOOKUP(C26,'Lista de Escolas'!$C$2:$C$181,'Lista de Escolas'!$E$2:$E$181),"") -> Escolas D. Dinis | G26: 1 | K26: configuração de fotocopiadora em todos os computadores
B27: 46104 | C27: EB1 Marinheiros | E27: =IF(C27>0,LOOKUP(C27,'Lista de Escolas'!$C$2:$C$181,'Lista de Escolas'!$E$2:$E$181),"") -> Escolas Domingos Sequeira | F27: 1 | K27: entrega de pc reparado
B28: 46105 | C28: EB1 Moita da Roda | E28: =IF(C28>0,LOOKUP(C28,'Lista de Escolas'!$C$2:$C$181,'Lista de Escolas'!$E$2:$E$181),"") -> Escolas Rainha Santa Isabel | H28: 1 | K28: cravar fichas no cabo de rede que vai para o edificio das AAAF, reparação de cabo de rede que ligava à fotocopiadora
B29: 46105 | C29: EB1 Outeiro da Fonte | E29: =IF(C29>0,LOOKUP(C29,'Lista de Escolas'!$C$2:$C$181,'Lista de Escolas'!$E$2:$E$181),"") -> Escolas Rainha Santa Isabel | F29: 1 | K29: reparação de pc
B30: 46105 | C30: EB1 Casal Novo | E30: =IF(C30>0,LOOKUP(C30,'Lista de Escolas'!$C$2:$C$181,'Lista de Escolas'!$E$2:$E$181),"") -> Escolas da Caranguejeira - Santa Catarina da Serra | F30: 1 | K30: reparação de pc, ajustes das memórias, limpeza interna
B31: 46105 | C31: JI Telheiro | E31: =IF(C31>0,LOOKUP(C31,'Lista de Escolas'!$C$2:$C$181,'Lista de Escolas'!$E$2:$E$181),"") -> Henrique Sommer | H31: 1 | K31: instalação de switch para passar o sinal de rede para o edificio das AAAF
B32: 46105 | C32: ji Outeiro da Fonte | E32: =IF(C32>0,LOOKUP(C32,'Lista de Escolas'!$C$2:$C$181,'Lista de Escolas'!$E$2:$E$181),"") -> Escolas Rainha Santa Isabel | F32: 1 | K32: entrega de computador reparado
B33: 46106 | C33: EB1 Outeiro da Fonte | E33: =IF(C33>0,LOOKUP(C33,'Lista de Escolas'!$C$2:$C$181,'Lista de Escolas'!$E$2:$E$181),"") -> Escolas Rainha Santa Isabel | F33: 1 | K33: substituição de emódulos de memória
B34: 46106 | C34: EB1 Bajouca | E34: =IF(C34>0,LOOKUP(C34,'Lista de Escolas'!$C$2:$C$181,'Lista de Escolas'!$E$2:$E$181),"") -> Escolas D. Dinis | G34: 1 | H34: 1 | K34: reinstalação de drives da fotocopiadora departamental, reconfigurasção de configurações de rede num pc
B35: 46106 | C35: EB1 Bouça | E35: =IF(C35>0,LOOKUP(C35,'Lista de Escolas'!$C$2:$C$181,'Lista de Escolas'!$E$2:$E$181),"") -> Escolas D. Dinis | H35: 1 | K35: avaliação das cominicações da internet, entrada da fibra na escola
B36: 46107 | C36: EB1 Amarela | E36: =IF(C36>0,LOOKUP(C36,'Lista de Escolas'!$C$2:$C$181,'Lista de Escolas'!$E$2:$E$181),"") -> Escolas D. Dinis | F36: 1 | K36: substituição de colunas
B37: 46111 | C37: EB1 Monte Real | E37: =IF(C37>0,LOOKUP(C37,'Lista de Escolas'!$C$2:$C$181,'Lista de Escolas'!$E$2:$E$181),"") -> Escolas Rainha Santa Isabel | F37: 1 | H37: 1 | K37: instalação de acess point. Verificação dos modelos dos portateis com transformadores avariados
B38: 46111 | C38: EB1 Souto da carpalhosa | E38: =IF(C38>0,LOOKUP(C38,'Lista de Escolas'!$C$2:$C$181,'Lista de Escolas'!$E$2:$E$181),"") -> Escolas Rainha Santa Isabel | F38: 1 | H38: 1 | K38: veriricação do acesso à internet, ligação de impressora à rede da escola
B39: 46111 | C39: JI Souto da Carpalhosa | E39: =IF(C39>0,LOOKUP(C39,'Lista de Escolas'!$C$2:$C$181,'Lista de Escolas'!$E$2:$E$181),"") -> Henrique Sommer | H39: 1 | K39: vrtificação do acesso à internet, e aferição das necessidades para distribuição
B40: 46111 | C40: EB1 Courelas | E40: =IF(C40>0,LOOKUP(C40,'Lista de Escolas'!$C$2:$C$181,'Lista de Escolas'!$E$2:$E$181),"") -> Escolas Domingos Sequeira | F40: 1 | K40: entrega de 2 conjuntos (pc + monitor + teclado + rato)
B41: 46112 | C41: EB1 Courelas | E41: =IF(C41>0,LOOKUP(C41,'Lista de Escolas'!$C$2:$C$181,'Lista de Escolas'!$E$2:$E$181),"") -> Escolas Domingos Sequeira | F41: 1 | K41: emtrega de dois computadores reparados
B42: 46112 | C42: Eb1 Vidigal | E42: =IF(C42>0,LOOKUP(C42,'Lista de Escolas'!$C$2:$C$181,'Lista de Escolas'!$E$2:$E$181),"") -> Escolas Rainha Santa Isabel | J42: 1 | K42: Verificação de audio do projetor
B43: 46112 | C43: Eb1 Carreira | E43: =IF(C43>0,LOOKUP(C43,'Lista de Escolas'!$C$2:$C$181,'Lista de Escolas'!$E$2:$E$181),"") -> Escolas da Caranguejeira - Santa Catarina da Serra | F43: 1 | G43: 1 | H43: 1 | K43: reparação de dois compuadores (memórias), reatabelecimento da internet no JI (fibra e power dfesligados), configuração de impressoras
E44: =IF(C44>0,LOOKUP(C44,'Lista de Escolas'!$C$2:$C$181,'Lista de Escolas'!$E$2:$E$181),"")
E45: =IF(C45>0,LOOKUP(C45,'Lista de Escolas'!$C$2:$C$181,'Lista de Escolas'!$E$2:$E$181),"")
E46: =IF(C46>0,LOOKUP(C46,'Lista de Escolas'!$C$2:$C$181,'Lista de Escolas'!$E$2:$E$181),"")
E47: =IF(C47>0,LOOKUP(C47,'Lista de Escolas'!$C$2:$C$181,'Lista de Escolas'!$E$2:$E$181),"")
E48: =IF(C48>0,LOOKUP(C48,'Lista de Escolas'!$C$2:$C$181,'Lista de Escolas'!$E$2:$E$181),"")
E49: =IF(C49>0,LOOKUP(C49,'Lista de Escolas'!$C$2:$C$181,'Lista de Escolas'!$E$2:$E$181),"")
E50: =IF(C50>0,LOOKUP(C50,'Lista de Escolas'!$C$2:$C$181,'Lista de Escolas'!$E$2:$E$181),"")
E51: =IF(C51>0,LOOKUP(C51,'Lista de Escolas'!$C$2:$C$181,'Lista de Escolas'!$E$2:$E$181),"")
E52: =IF(C52>0,LOOKUP(C52,'Lista de Escolas'!$C$2:$C$181,'Lista de Escolas'!$E$2:$E$181),"")
E53: =IF(C53>0,LOOKUP(C53,'Lista de Escolas'!$C$3:$C$178,'Lista de Escolas'!$E$3:$E$178),"")
E54: =IF(C54>0,LOOKUP(C54,'Lista de Escolas'!$C$3:$C$178,'Lista de Escolas'!$E$3:$E$178),"")
E55: =IF(C55>0,LOOKUP(C55,'Lista de Escolas'!$C$3:$C$178,'Lista de Escolas'!$E$3:$E$178),"")
E56: =IF(C56>0,LOOKUP(C56,'Lista de Escolas'!$C$3:$C$178,'Lista de Escolas'!$E$3:$E$178),"")
E57: =IF(C57>0,LOOKUP(C57,'Lista de Escolas'!$C$3:$C$178,'Lista de Escolas'!$E$3:$E$178),"")
E58: =IF(C58>0,LOOKUP(C58,'Lista de Escolas'!$C$3:$C$178,'Lista de Escolas'!$E$3:$E$178),"")
E59: =IF(C59>0,LOOKUP(C59,'Lista de Escolas'!$C$3:$C$178,'Lista de Escolas'!$E$3:$E$178),"")
E60: =IF(C60>0,LOOKUP(C60,'Lista de Escolas'!$C$3:$C$178,'Lista de Escolas'!$E$3:$E$178),"")
E61: =IF(C61>0,LOOKUP(C61,'Lista de Escolas'!$C$3:$C$178,'Lista de Escolas'!$E$3:$E$178),"")
E62: =IF(C62>0,LOOKUP(C62,'Lista de Escolas'!$C$3:$C$178,'Lista de Escolas'!$E$3:$E$178),"")
E63: =IF(C63>0,LOOKUP(C63,'Lista de Escolas'!$C$3:$C$178,'Lista de Escolas'!$E$3:$E$178),"")
B65: Tot. Visitas | E65: =COUNTIFS(E4:E55,"=Escolas Rainha Santa Isabel") -> 15 | J65: Escolas Rainha Santa Isabel
B66: =COUNT(B5:B64) -> 39 | E66: =COUNTIFS(E4:E55,"=Escolas Dr. Correia Mateus") -> 0 | J66: Escolas Dr. Correia Mateus
E67: =COUNTIFS(E4:E55,"=Escolas da Caranguejeira - Santa Catarina da Serra") -> 4 | J67: Escolas da Caranguejeira - Santa Catarina da Serra
E68: =COUNTIFS(E4:E55,"=Escolas de Colmeias") -> 0 | J68: Escolas de Colmeias
E69: =COUNTIFS(E4:E55,"=Escolas de Marrazes") -> 0 | J69: Escolas de Marrazes
E70: =COUNTIFS(E4:E55,"=Escolas Domingos Sequeira") -> 7 | J70: Escolas Domingos Sequeira
E71: =COUNTIFS(E4:E55,"=Escolas D. Dinis") -> 6 | J71: Escolas D. Dinis
E72: =COUNTIFS(E6:E56,"=Henrique Sommer") -> 5 | J72: Escolas Henrique Sommer
E73: =SUM(E65:E72) -> 37 | J73: Total
F79: Tot Hardware | G79: Tot Software | H79: Tot Redes | I79: Tot vpn | J79: Tot audiovisuais
F80: =SUM(F1:F60) -> 25 | G80: =SUM(G1:G75) -> 4 | H80: =SUM(H1:H75) -> 15 | I80: =SUM(I1:I75) -> 2 | J80: =SUM(J1:J75) -> 1

Sheet ABR
B1: Assistências Nas Escolas 2026
B3: ABRIL
A4: Data Pedido | B4: Data | C4: Estabelecimento | D4: Freguesia | E4: Agrupamento | F4: Hardware | G4: Software | H4: Redes | I4: VPN | J4: AudioVisual | K4: Tipo de Intervenção | L4: Material Recolhido / Abatido
B5: 46113 | C5: EB1 Bajouca | E5: =IF(C5>0,LOOKUP(C5,'Lista de Escolas'!$C$2:$C$181,'Lista de Escolas'!$E$2:$E$181),"") -> Escolas D. Dinis | H5: 1 | K5: reset e reconfiguração dos access points das salas
B6: 46113 | C6: EB1 Outeiro da Fonte | E6: =IF(C6>0,LOOKUP(C6,'Lista de Escolas'!$C$2:$C$181,'Lista de Escolas'!$E$2:$E$181),"") -> Escolas Rainha Santa Isabel | F6: 1 | K6: substituição de módulos de memória em 2 pc's
B7: 46113 | C7: EB1 Andrinos | E7: =IF(C7>0,LOOKUP(C7,'Lista de Escolas'!$C$2:$C$181,'Lista de Escolas'!$E$2:$E$181),"") -> Escolas D. Dinis | H7: 1 | K7: verificação do acesso á internet
B8: 46118 | C8: JI Amor | E8: =IF(C8>0,LOOKUP(C8,'Lista de Escolas'!$C$2:$C$181,'Lista de Escolas'!$E$2:$E$181),"") -> Escolas Rainha Santa Isabel | H8: 1 | K8: verificação de acesso à internet
B9: 46118 | C9: JI Monte Real | E9: =IF(C9>0,LOOKUP(C9,'Lista de Escolas'!$C$2:$C$181,'Lista de Escolas'!$E$2:$E$181),"") -> Escolas Rainha Santa Isabel | H9: 1 | K9: verificação de acesso à internet
B10: 46121 | C10: EB1 Monte Real | E10: =IF(C10>0,LOOKUP(C10,'Lista de Escolas'!$C$2:$C$181,'Lista de Escolas'!$E$2:$E$181),"") -> Escolas Rainha Santa Isabel | H10: 1 | K10: instalação de access point
B11: 46125 | C11: JI Souto da Carpalhosa | E11: =IF(C11>0,LOOKUP(C11,'Lista de Escolas'!$C$2:$C$181,'Lista de Escolas'!$E$2:$E$181),"") -> Henrique Sommer | H11: 1 | K11: passagem de cavo de rede do router para o switch, reparação de 3 cabos de rede
B12: 46125 | C12: EB1 Serra de Porto Urso | E12: =IF(C12>0,LOOKUP(C12,'Lista de Escolas'!$C$2:$C$181,'Lista de Escolas'!$E$2:$E$181),"") -> Escolas Rainha Santa Isabel | H12: 1 | K12: resolução de problemas no telefone
B13: 46125 | C13: EB1 Souto da Carpalhosa | E13: =IF(C13>0,LOOKUP(C13,'Lista de Escolas'!$C$2:$C$181,'Lista de Escolas'!$E$2:$E$181),"") -> Escolas Rainha Santa Isabel | H13: 1 | K13: substituição de telefone
B14: 46126 | C14: Ji Santa Catarina da Serra | E14: =IF(C14>0,LOOKUP(C14,'Lista de Escolas'!$C$2:$C$181,'Lista de Escolas'!$E$2:$E$181),"") -> Henrique Sommer | G14: 1 | H14: 1 | K14: verificação do acesso á internet , configuração de impressora
B15: 46126 | C15: EB1 Bajouca | E15: =IF(C15>0,LOOKUP(C15,'Lista de Escolas'!$C$2:$C$181,'Lista de Escolas'!$E$2:$E$181),"") -> Escolas D. Dinis | G15: 1 | K15: Instalação e configuração de impressora
B16: 46126 | C16: EB1 Souto da Carpalhosa | E16: =IF(C16>0,LOOKUP(C16,'Lista de Escolas'!$C$2:$C$181,'Lista de Escolas'!$E$2:$E$181),"") -> Escolas Rainha Santa Isabel | F16: 1 | K16: substituição de cabo do atendedor do telefone fixo
B17: 46134 | C17: JI Monte Real | E17: =IF(C17>0,LOOKUP(C17,'Lista de Escolas'!$C$2:$C$181,'Lista de Escolas'!$E$2:$E$181),"") -> Escolas Rainha Santa Isabel | H17: 1 | K17: verificação da ligação à internet, abertura de pedido de intervenção junto da Altice
B18: 46135 | C18: EB1 Carreira | E18: =IF(C18>0,LOOKUP(C18,'Lista de Escolas'!$C$2:$C$181,'Lista de Escolas'!$E$2:$E$181),"") -> Escolas da Caranguejeira - Santa Catarina da Serra | G18: 1 | K18: configuração de fotocopiadora em todos os pcs
B19: 46135 | C19: EB1 Andrinos | E19: =IF(C19>0,LOOKUP(C19,'Lista de Escolas'!$C$2:$C$181,'Lista de Escolas'!$E$2:$E$181),"") -> Escolas D. Dinis | F19: 1 | K19: entrega de 2 conuntos completos (pc + monitor + teclado + rato)
B20: 46136 | C20: EB1 Santa Catarina da Serra | E20: =IF(C20>0,LOOKUP(C20,'Lista de Escolas'!$C$2:$C$181,'Lista de Escolas'!$E$2:$E$181),"") -> Escolas Rainha Santa Isabel | F20: 1 | K20: recolha de pc para reparação
B21: 46139 | C21: EB1 Santa Catarina da Serra | E21: =IF(C21>0,LOOKUP(C21,'Lista de Escolas'!$C$2:$C$181,'Lista de Escolas'!$E$2:$E$181),"") -> Escolas Rainha Santa Isabel | F21: 1 | K21: entrega de computador reparado
B22: 46139 | C22: EB1 Marinheiros | E22: =IF(C22>0,LOOKUP(C22,'Lista de Escolas'!$C$2:$C$181,'Lista de Escolas'!$E$2:$E$181),"") -> Escolas Domingos Sequeira | F22: 1 | I22: 1 | K22: recolha de pc para reparação e reconfiguração de VPN
B23: 46139 | C23: JI Andrinos | E23: =IF(C23>0,LOOKUP(C23,'Lista de Escolas'!$C$2:$C$181,'Lista de Escolas'!$E$2:$E$181),"") -> Escolas Rainha Santa Isabel | F23: 1 | K23: Entrega de conjunto (monitor + computador + teclado + rato)
B24: 46141 | C24: EB1 Amarela | E24: =IF(C24>0,LOOKUP(C24,'Lista de Escolas'!$C$2:$C$181,'Lista de Escolas'!$E$2:$E$181),"") -> Escolas D. Dinis | F24: 1 | J24: 1 | K24: recolha de pc para reparação, entrega de pc reparado, configuração de quadros interativos
B25: 46142 | C25: EB1 Arrabalde | E25: =IF(C25>0,LOOKUP(C25,'Lista de Escolas'!$C$2:$C$181,'Lista de Escolas'!$E$2:$E$181),"") -> Escolas D. Dinis | I25: 1 | K25: instalação e configureação de vpn
E26: =IF(C26>0,LOOKUP(C26,'Lista de Escolas'!$C$2:$C$181,'Lista de Escolas'!$E$2:$E$181),"")
E27: =IF(C27>0,LOOKUP(C27,'Lista de Escolas'!$C$2:$C$181,'Lista de Escolas'!$E$2:$E$181),"")
E28: =IF(C28>0,LOOKUP(C28,'Lista de Escolas'!$C$2:$C$181,'Lista de Escolas'!$E$2:$E$181),"")
E29: =IF(C29>0,LOOKUP(C29,'Lista de Escolas'!$C$2:$C$181,'Lista de Escolas'!$E$2:$E$181),"")
E30: =IF(C30>0,LOOKUP(C30,'Lista de Escolas'!$C$2:$C$181,'Lista de Escolas'!$E$2:$E$181),"")
E31: =IF(C31>0,LOOKUP(C31,'Lista de Escolas'!$C$3:$C$181,'Lista de Escolas'!$E$3:$E$181),"")
E32: =IF(C32>0,LOOKUP(C32,'Lista de Escolas'!$C$3:$C$181,'Lista de Escolas'!$E$3:$E$181),"")
E33: =IF(C33>0,LOOKUP(C33,'Lista de Escolas'!$C$3:$C$181,'Lista de Escolas'!$E$3:$E$181),"")
E34: =IF(C34>0,LOOKUP(C34,'Lista de Escolas'!$C$3:$C$181,'Lista de Escolas'!$E$3:$E$181),"")
E35: =IF(C35>0,LOOKUP(C35,'Lista de Escolas'!$C$3:$C$181,'Lista de Escolas'!$E$3:$E$181),"")
E36: =IF(C36>0,LOOKUP(C36,'Lista de Escolas'!$C$3:$C$181,'Lista de Escolas'!$E$3:$E$181),"")
E37: =IF(C37>0,LOOKUP(C37,'Lista de Escolas'!$C$3:$C$181,'Lista de Escolas'!$E$3:$E$181),"")
E38: =IF(C38>0,LOOKUP(C38,'Lista de Escolas'!$C$3:$C$181,'Lista de Escolas'!$E$3:$E$181),"")
E39: =IF(C39>0,LOOKUP(C39,'Lista de Escolas'!$C$3:$C$181,'Lista de Escolas'!$E$3:$E$181),"")
E40: =IF(C40>0,LOOKUP(C40,'Lista de Escolas'!$C$3:$C$181,'Lista de Escolas'!$E$3:$E$181),"")
E41: =IF(C41>0,LOOKUP(C41,'Lista de Escolas'!$C$3:$C$181,'Lista de Escolas'!$E$3:$E$181),"")
E42: =IF(C42>0,LOOKUP(C42,'Lista de Escolas'!$C$3:$C$181,'Lista de Escolas'!$E$3:$E$181),"")
... E60: =IF(C60>0,LOOKUP(C60,'Lista de Escolas'!$C$3:$C$181,'Lista de Escolas'!$E$3:$E$181),"")
F61: Hardware | G61: Software | H61: Redes | I61: VPN | J61: AudioVisual
B62: Tot. Visitas | C62: Escolas Rainha Santa Isabel | E62: =COUNTIFS(E3:E52,"=Escolas Rainha Santa Isabel") -> 11 | F62: =SUM(F5:F47) -> 8 | G62: =SUM(G5:G47) -> 3 | H62: =SUM(H5:H47) -> 10 | I62: =SUM(I5:I47) -> 2 | J62: =SUM(J5:J47) -> 1
B63: =COUNT(B5:B61) -> 21 | C63: Escolas Dr. Correia Mateus | E63: =COUNTIFS(E3:E52,"=Escolas Dr. Correia Mateus") -> 0
C64: Escolas da Caranguejeira - Santa Catarina da Serra | E64: =COUNTIFS(E3:E52,"=Escolas da Caranguejeira - Santa Catarina da Serra") -> 1
C65: Escolas de Colmeias | E65: =COUNTIFS(E3:E52,"=Escolas de Colmeias") -> 0
C66: Escolas de Marrazes | E66: =COUNTIFS(E3:E52,"=Escolas de Marrazes") -> 0
C67: Escolas Domingos Sequeira | E67: =COUNTIFS(E3:E52,"=Escolas Domingos Sequeira") -> 1
C68: Escolas D. Dinis | E68: =COUNTIFS(E3:E52,"=Escolas D. Dinis") -> 6
C69: Escolas Henrique Sommer | E69: =COUNTIFS(E4:E53,"=Henrique Sommer") -> 2
C70: Total | E70: =SUM(E62:E69) -> 21

Sheet MAI
B1: Assistências Nas Escolas 2026
B3: MAIO
A4: Data Pedido | B4: Data | C4: Estabelecimento | D4: Freguesia | E4: Agrupamento | F4: Hardware | G4: Software | H4: Redes | I4: VPN | J4: AudioVisual | K4: Tipo de Intervenção | L4: Material Recolhido / Abatido
B5: 46146 | C5: EB1 St. Catarina da Serra | E5: =IF(C5>0,LOOKUP(C5,'Lista de Escolas'!$C$3:$C$181,'Lista de Escolas'!$E$3:$E$181),"") -> Escolas Rainha Santa Isabel | F5: 1 | K5: entrega e instalação de computador reparado
B6: 46146 | C6: EB1 Monte redondo | E6: =IF(C6>0,LOOKUP(C6,'Lista de Escolas'!$C$3:$C$181,'Lista de Escolas'!$E$3:$E$181),"") -> Escolas Rainha Santa Isabel | F6: 1 | K6: reparação de computador, substituição de memórias, limpeza interna de componentes
B7: 46146 | C7: JI Monte Real | E7: =IF(C7>0,LOOKUP(C7,'Lista de Escolas'!$C$3:$C$181,'Lista de Escolas'!$E$3:$E$181),"") -> Escolas Rainha Santa Isabel | H7: 1 | K7: verificação do acesso à internet
B8: 46147 | C8: Eb1 machados | E8: =IF(C8>0,LOOKUP(C8,'Lista de Escolas'!$C$3:$C$178,'Lista de Escolas'!$E$3:$E$178),"") -> Escolas Rainha Santa Isabel | I8: 1 | K8: atualização e configuração de vpn | L8: -
B9: 46147 | C9: EB1 Agpodim | E9: =IF(C9>0,LOOKUP(C9,'Lista de Escolas'!$C$3:$C$178,'Lista de Escolas'!$E$3:$E$178),"") -> #N/A | I9: 1 | K9: atualização e configuração de vpn | L9: -
B10: 46147 | C10: EB1 marinheiros | E10: =IF(C10>0,LOOKUP(C10,'Lista de Escolas'!$C$3:$C$178,'Lista de Escolas'!$E$3:$E$178),"") -> Escolas Rainha Santa Isabel | F10: 1 | K10: entrega e instalação de computador reparado
B11: 46147 | C11: EB1 Amarela | E11: =IF(C11>0,LOOKUP(C11,'Lista de Escolas'!$C$3:$C$178,'Lista de Escolas'!$E$3:$E$178),"") -> #N/A | F11: 1 | J11: 1 | K11: entrega e instalação de computador reparado e verificação de anomalias dos quadros interativos | L11: -
B12: 46148 | C12: EB1 Andrinos | E12: =IF(C12>0,LOOKUP(C12,'Lista de Escolas'!$C$3:$C$178,'Lista de Escolas'!$E$3:$E$178),"") -> #N/A | H12: 1 | K12: resolução de acesso à internet, correção de ligações erradas no switch | L12: -
B13: 46149 | C13: JI Andrinos | E13: =IF(C13>0,LOOKUP(C13,'Lista de Escolas'!$C$3:$C$178,'Lista de Escolas'!$E$3:$E$178),"") -> Escolas Rainha Santa Isabel | H13: 1 | K13: reparação de cabo de rede | L13: -
B14: 46149 | C14: EB1 Chaínça | E14: =IF(C14>0,LOOKUP(C14,'Lista de Escolas'!$C$3:$C$178,'Lista de Escolas'!$E$3:$E$178),"") -> Escolas Domingos Sequeira | I14: 1 | K14: configuração de vpn | L14: -
B15: 46150 | C15: Eb1 A-dos-Pretos | E15: =IF(C15>0,LOOKUP(C15,'Lista de Escolas'!$C$3:$C$178,'Lista de Escolas'!$E$3:$E$178),"") -> #N/A | I15: 1 | K15: configuração de vpn | L15: -
B16: 46153 | C16: JI Gândara dos Olivais | E16: =IF(C16>0,LOOKUP(C16,'Lista de Escolas'!$C$3:$C$178,'Lista de Escolas'!$E$3:$E$178),"") -> Escolas Rainha Santa Isabel | F16: 1 | I16: 1 | K16: substituição de pc. Reconfiguração de VPN
B17: 46154 | C17: Centro Escolar Maceira | E17: =IF(C17>0,LOOKUP(C17,'Lista de Escolas'!$C$3:$C$178,'Lista de Escolas'!$E$3:$E$178),"") -> #N/A | H17: 1 | J17: 1 | K17: verificação do acesso á intermnet em todas as salas de aula, ligações a Access points e ajustes de ligações no switch bastidor 2, verificação de ligações em quadros interativsos
B18: 46156 | C18: EB1 Sismaria | E18: =IF(C18>0,LOOKUP(C18,'Lista de Escolas'!$C$3:$C$178,'Lista de Escolas'!$E$3:$E$178),"") -> Escolas Rainha Santa Isabel | H18: 1 | K18: verificação da ligação à internet, abertura de pedido de reparaçãojunto do NSO
B19: 46160 | C19: JI Caldelas | E19: =IF(C19>0,LOOKUP(C19,'Lista de Escolas'!$C$3:$C$178,'Lista de Escolas'!$E$3:$E$178),"") -> Escolas Rainha Santa Isabel | H19: 1 | K19: verificação da ligação à internet, abertura de pedido de intervenção junto da Altice
B20: 18 | C20: JI Caranguejeira | E20: =IF(C20>0,LOOKUP(C20,'Lista de Escolas'!$C$3:$C$178,'Lista de Escolas'!$E$3:$E$178),"") -> Escolas Rainha Santa Isabel | H20: 1 | K20: verificação da ligação à internet, abertura de pedido de intervenção junto da Altice
B21: 46161 | C21: JI Outeiro da Fonte | E21: =IF(C21>0,LOOKUP(C21,'Lista de Escolas'!$C$3:$C$178,'Lista de Escolas'!$E$3:$E$178),"") -> Escolas Rainha Santa Isabel | H21: 1 | K21: verificação da ligação à internet, abertura de pedido de intervenção junto da Altice
B22: 46161 | C22: JI Riba D'aves | E22: =IF(C22>0,LOOKUP(C22,'Lista de Escolas'!$C$3:$C$178,'Lista de Escolas'!$E$3:$E$178),"") -> Henrique Sommer | H22: 1 | K22: verificação da ligação à internet, abertura de pedido de intervenção junto da Altice
B23: 46161 | C23: EB1 Carreira | E23: =IF(C23>0,LOOKUP(C23,'Lista de Escolas'!$C$3:$C$178,'Lista de Escolas'!$E$3:$E$178),"") -> Escolas Domingos Sequeira | F23: 1 | K23: substituição de rato
B24: 46170 | C24: EB1 Capuchos | E24: =IF(C24>0,LOOKUP(C24,'Lista de Escolas'!$C$3:$C$178,'Lista de Escolas'!$E$3:$E$178),"") -> Escolas Domingos Sequeira | F24: 1 | G24: 1 | K24: substituição de módulos de memória num pc, formatação e instalação de todo o sofware num pc
B25: 46171 | C25: JI Barreiros | E25: =IF(C25>0,LOOKUP(C25,'Lista de Escolas'!$C$3:$C$178,'Lista de Escolas'!$E$3:$E$178),"") -> Escolas Rainha Santa Isabel | H25: 1 | K25: verificação da ligação à internet, abertura de pedido de intervenção junto da Altice
B26: 46171 | C26: ji Pocariça | E26: =IF(C26>0,LOOKUP(C26,'Lista de Escolas'!$C$3:$C$178,'Lista de Escolas'!$E$3:$E$178),"") -> Henrique Sommer | H26: 1 | K26: verificação da ligação à internet, abertura de pedido de intervenção junto da Altice
B27: 46171 | C27: EB1 Monte Real | E27: =IF(C27>0,LOOKUP(C27,'Lista de Escolas'!$C$3:$C$178,'Lista de Escolas'!$E$3:$E$178),"") -> Escolas Rainha Santa Isabel | K27: substituição de access point
B28: 46171 | C28: EB1 Capuchos | E28: =IF(C28>0,LOOKUP(C28,'Lista de Escolas'!$C$3:$C$178,'Lista de Escolas'!$E$3:$E$178),"") -> Escolas Domingos Sequeira | F28: 1 | I28: 1 | K28: substituição de módulos de memória num pc
E29: =IF(C29>0,LOOKUP(C29,'Lista de Escolas'!$C$3:$C$178,'Lista de Escolas'!$E$3:$E$178),"")
E30: =IF(C30>0,LOOKUP(C30,'Lista de Escolas'!$C$3:$C$178,'Lista de Escolas'!$E$3:$E$178),"")
E31: =IF(C31>0,LOOKUP(C31,'Lista de Escolas'!$C$3:$C$178,'Lista de Escolas'!$E$3:$E$178),"")
E32: =IF(C32>0,LOOKUP(C32,'Lista de Escolas'!$C$3:$C$178,'Lista de Escolas'!$E$3:$E$178),"")
E33: =IF(C33>0,LOOKUP(C33,'Lista de Escolas'!$C$3:$C$178,'Lista de Escolas'!$E$3:$E$178),"")
E34: =IF(C34>0,LOOKUP(C34,'Lista de Escolas'!$C$3:$C$178,'Lista de Escolas'!$E$3:$E$178),"")
E35: =IF(C35>0,LOOKUP(C35,'Lista de Escolas'!$C$3:$C$178,'Lista de Escolas'!$E$3:$E$178),"")
E36: =IF(C36>0,LOOKUP(C36,'Lista de Escolas'!$C$3:$C$178,'Lista de Escolas'!$E$3:$E$178),"")
E37: =IF(C37>0,LOOKUP(C37,'Lista de Escolas'!$C$3:$C$178,'Lista de Escolas'!$E$3:$E$178),"")
E38: =IF(C38>0,LOOKUP(C38,'Lista de Escolas'!$C$3:$C$178,'Lista de Escolas'!$E$3:$E$178),"")
E39: =IF(C39>0,LOOKUP(C39,'Lista de Escolas'!$C$3:$C$178,'Lista de Escolas'!$E$3:$E$178),"")
E40: =IF(C40>0,LOOKUP(C40,'Lista de Escolas'!$C$3:$C$178,'Lista de Escolas'!$E$3:$E$178),"")
... E59: =IF(C59>0,LOOKUP(C59,'Lista de Escolas'!$C$3:$C$178,'Lista de Escolas'!$E$3:$E$178),"")
E60: =IF(C60>0,LOOKUP(C60,'Lista de Escolas'!$C$3:$C$178,'Lista de Escolas'!$E$3:$E$178),"") | F60: Hardware | G60: Software | H60: Redes | I60: VPN | J60: AudioVisual
F61: =SUM(F4:F46) -> 8 | G61: =SUM(G4:G46) -> 1 | H61: =SUM(H4:H46) -> 11 | I61: =SUM(I4:I46) -> 6 | J61: =SUM(J4:J46) -> 2
B62: Tot. Visitas | C62: Escolas Rainha Santa Isabel | E62: =COUNTIFS(E3:E52,"=Escolas Rainha Santa Isabel") -> 13
B63: =COUNT(B5:B52) -> 24 | C63: Escolas Dr. Correia Mateus | E63: =COUNTIFS(E3:E52,"=Escolas Dr. Correia Mateus") -> 0
C64: Escolas da Caranguejeira - Santa Catarina da Serra | E64: =COUNTIFS(E3:E52,"=Escolas da Caranguejeira - Santa Catarina da Serra") -> 0
C65: Escolas de Colmeias | E65: =COUNTIFS(E3:E52,"=Escolas de Colmeias") -> 0
C66: Escolas de Marrazes | E66: =COUNTIFS(E3:E52,"=Escolas de Marrazes") -> 0
C67: Escolas Domingos Sequeira | E67: =COUNTIFS(E3:E52,"=Escolas Domingos Sequeira") -> 4
C68: Escolas D. Dinis | E68: =COUNTIFS(E3:E52,"=Escolas D. Dinis") -> 0
C69: Escolas Hentique Sommer | E69: =COUNTIFS(E4:E53,"=Henrique Sommer") -> 2
C70: Total | E70: =SUM(E62:E68) -> 17

Sheet JUN
B1: Assistências Nas Escolas 2026
B3: JUNHO
A4: Data Pedido | B4: swiss trans | C4: Estabelecimento | D4: Freguesia | E4: Agrupamento | F4: Hardware | G4: Software | H4: Redes | I4: VPN | J4: AudioVisual | K4: Tipo de Intervenção | L4: Material Recolhido / Abatido
B5: 46174 | C5: JI Souto do Meio | E5: =IF(C5>0,LOOKUP(C5,'Lista de Escolas'!$C$3:$C$178,'Lista de Escolas'!$E$3:$E$178),"") -> Henrique Sommer | H5: 1 | K5: Verificação do acesso á internet
B6: 46174 | C6: EB1 Chaínça | E6: =IF(C6>0,LOOKUP(C6,'Lista de Escolas'!$C$3:$C$178,'Lista de Escolas'!$E$3:$E$178),"") -> Escolas Domingos Sequeira | H6: 1 | K6: Verificação do acesso á internet, anomalias na cablagem
B7: 46174 | C7: JI Coucinheira | E7: =IF(C7>0,LOOKUP(C7,'Lista de Escolas'!$C$3:$C$178,'Lista de Escolas'!$E$3:$E$178),"") -> Escolas Rainha Santa Isabel | H7: 1 | K7: Verificação do acesso á internet
B8: 46176 | C8: EB1 Chaínça | E8: =IF(C8>0,LOOKUP(C8,'Lista de Escolas'!$C$3:$C$178,'Lista de Escolas'!$E$3:$E$178),"") -> Escolas Domingos Sequeira | H8: 1 | K8: substituição de cabo de rede
B9: 46189 | C9: JI santa catarina da serra | E9: =IF(C9>0,LOOKUP(C9,'Lista de Escolas'!$C$3:$C$178,'Lista de Escolas'!$E$3:$E$178),"") -> Henrique Sommer | H9: 1 | K9: verificação de acesso à internet, reparação de ficha de rede
B10: 46189 | C10: EB1 Agodim | E10: =IF(C10>0,LOOKUP(C10,'Lista de Escolas'!$C$3:$C$178,'Lista de Escolas'!$E$3:$E$178),"") -> #N/A | F10: 1 | G10: 1 | I10: 1 | K10: entrega de dois computadores reparados, 1 monitor 1 telcado e 1 rato, configuração de acesso à vpn, instalação de impressora
B11: 46189 | C11: EB1 A-dos-Pretos | E11: =IF(C11>0,LOOKUP(C11,'Lista de Escolas'!$C$3:$C$178,'Lista de Escolas'!$E$3:$E$178),"") -> #N/A | F11: 1 | I11: 1 | K11: substituição de rato, configuração de acesso À vpn e plataforma de assiduidade
B12: 46189 | C12: EB1 Costas | E12: =IF(C12>0,LOOKUP(C12,'Lista de Escolas'!$C$3:$C$178,'Lista de Escolas'!$E$3:$E$178),"") -> Escolas Domingos Sequeira | F12: 1 | I12: 1 | J12: 1 | K12: verificação de funciobnamento de splitter, configuração de acesso à vpn e plataforma de ssiduidade
B13: 46189 | C13: EB1 Marinheiros | E13: =IF(C13>0,LOOKUP(C13,'Lista de Escolas'!$C$3:$C$178,'Lista de Escolas'!$E$3:$E$178),"") -> Escolas Rainha Santa Isabel | G13: 1 | H13: 1 | J13: 1 | K13: Instalação e conmfiguração de imporessora, restabelecimento do acesso à internet na biblioteca, e verificação de quadro interativo | L13: uadro interativo
B14: 46191 | C14: EB1 Agodim | E14: =IF(C14>0,LOOKUP(C14,'Lista de Escolas'!$C$3:$C$178,'Lista de Escolas'!$E$3:$E$178),"") -> #N/A | F14: 1 | H14: 1 | J14: 1 | K14: reconfiguração de acesso à rede fixa num pc, reconfiguração da vpn e acesso à plataforma de assiduidade
B15: 46191 | C15: EB1 Monte Redondo | E15: =IF(C15>0,LOOKUP(C15,'Lista de Escolas'!$C$3:$C$178,'Lista de Escolas'!$E$3:$E$178),"") -> Escolas Rainha Santa Isabel | G15: 1 | H15: 1 | I15: 1 | K15: entrega de dois computadores reparados, 1 monitor 1 telcado e 1 rato
B16: 46191 | C16: JI Coucinheira | E16: =IF(C16>0,LOOKUP(C16,'Lista de Escolas'!$C$3:$C$178,'Lista de Escolas'!$E$3:$E$178),"") -> Escolas Rainha Santa Isabel | F16: 1 | K16: restabelecimento de acesso à internet no Piso 1, instalação de antena no refeitório
B17: 46191 | C17: CE Parceiros | E17: =IF(C17>0,LOOKUP(C17,'Lista de Escolas'!$C$3:$C$178,'Lista de Escolas'!$E$3:$E$178),"") -> #N/A | H17: 1 | K17: verificação do acesso à rede no 1º andar do centro escolar
B18: 46202 | C18: JI santa catarina da serra | E18: =IF(C18>0,LOOKUP(C18,'Lista de Escolas'!$C$3:$C$178,'Lista de Escolas'!$E$3:$E$178),"") -> Henrique Sommer | H18: 1 | K18: passagem de cabo de rede entre salas para expansão da rede ethernet
B19: 46202 | C19: JI Outeiro da Fonte | E19: =IF(C19>0,LOOKUP(C19,'Lista de Escolas'!$C$3:$C$178,'Lista de Escolas'!$E$3:$E$178),"") -> Escolas Rainha Santa Isabel | H19: 1 | K19: verifica;\ao do estado do acesso àinternet
E20: =IF(C20>0,LOOKUP(C20,'Lista de Escolas'!$C$3:$C$178,'Lista de Escolas'!$E$3:$E$178),"")
E21: =IF(C21>0,LOOKUP(C21,'Lista de Escolas'!$C$3:$C$178,'Lista de Escolas'!$E$3:$E$178),"")
E22: =IF(C22>0,LOOKUP(C22,'Lista de Escolas'!$C$3:$C$178,'Lista de Escolas'!$E$3:$E$178),"")
E23: =IF(C23>0,LOOKUP(C23,'Lista de Escolas'!$C$3:$C$178,'Lista de Escolas'!$E$3:$E$178),"")
E24: =IF(C24>0,LOOKUP(C24,'Lista de Escolas'!$C$3:$C$178,'Lista de Escolas'!$E$3:$E$178),"")
E25: =IF(C25>0,LOOKUP(C25,'Lista de Escolas'!$C$3:$C$178,'Lista de Escolas'!$E$3:$E$178),"")
E26: =IF(C26>0,LOOKUP(C26,'Lista de Escolas'!$C$3:$C$178,'Lista de Escolas'!$E$3:$E$178),"")
E27: =IF(C27>0,LOOKUP(C27,'Lista de Escolas'!$C$3:$C$178,'Lista de Escolas'!$E$3:$E$178),"")
E28: =IF(C28>0,LOOKUP(C28,'Lista de Escolas'!$C$3:$C$178,'Lista de Escolas'!$E$3:$E$178),"")
E29: =IF(C29>0,LOOKUP(C29,'Lista de Escolas'!$C$3:$C$178,'Lista de Escolas'!$E$3:$E$178),"")
E30: =IF(C30>0,LOOKUP(C30,'Lista de Escolas'!$C$3:$C$178,'Lista de Escolas'!$E$3:$E$178),"")
E31: =IF(C31>0,LOOKUP(C31,'Lista de Escolas'!$C$3:$C$178,'Lista de Escolas'!$E$3:$E$178),"")
... E57: =IF(C57>0,LOOKUP(C57,'Lista de Escolas'!$C$3:$C$178,'Lista de Escolas'!$E$3:$E$178),"")
E58: =IF(C58>0,LOOKUP(C58,'Lista de Escolas'!$C$3:$C$178,'Lista de Escolas'!$E$3:$E$178),"") | F58: Hardware | G58: Software | H58: Redes | I58: VPN | J58: AudioVisual
E59: =IF(C59>0,LOOKUP(C59,'Lista de Escolas'!$C$3:$C$178,'Lista de Escolas'!$E$3:$E$178),"") | F59: =SUM(F5:F47) -> 5 | G59: =SUM(G5:G47) -> 3 | H59: =SUM(H5:H47) -> 11 | I59: =SUM(I5:I47) -> 4 | J59: =SUM(J5:J47) -> 3
B61: Tot. Visitas | C61: Escolas Rainha Santa Isabel | E61: =COUNTIFS(E3:E58,"=Escolas Rainha Santa Isabel") -> 5
B62: =COUNT(B5:B60) -> 15 | C62: Escolas Dr. Correia Mateus | E62: =COUNTIFS(E3:E51,"=Escolas Dr. Correia Mateus") -> 0
C63: Escolas da Caranguejeira - Santa Catarina da Serra | E63: =COUNTIFS(E3:E51,"=Escolas da Caranguejeira - Santa Catarina da Serra") -> 0
C64: Escolas de Colmeias | E64: =COUNTIFS(E3:E51,"=Escolas de Colmeias") -> 0
C65: Escolas de Marrazes | E65: =COUNTIFS(E3:E51,"=Escolas de Marrazes") -> 0
C66: Escolas Domingos Sequeira | E66: =COUNTIFS(E3:E51,"=Escolas Domingos Sequeira") -> 3
C67: Escolas D. Dinis | E67: =COUNTIFS(E3:E51,"=Escolas D. Dinis") -> 0
C68: Escolas Henrique Sommer | E68: =COUNTIFS(E4:E52,"=Henrique Sommer") -> 3
C69: Total | E69: =SUM(E61:E68) -> 11

Sheet JUL
B1: Assistências Nas Escolas 2026
B3: JULHO
A4: Data Pedido | B4: Data | C4: Estabelecimento | D4: Freguesia | E4: Agrupamento | F4: Hardware | G4: Software | H4: Redes | I4: VPN | J4: AudioVisual | K4: Tipo de Intervenção | L4: Material Recolhido / Abatido
B5: 46205 | C5: JI Coucinheira | E5: =IF(C5>0,LOOKUP(C5,'Lista de Escolas'!$C$3:$C$176,'Lista de Escolas'!$E$3:$E$176),"") -> Escolas Rainha Santa Isabel | F5: 1 | I5: 1 | K5: substituição do portatil das auxiliares, configiuração de vpn | L5: 10 computadores fixos INSYS
B6: 46212 | C6: Ji A-dos-Pretos | E6: =IF(C6>0,LOOKUP(C6,'Lista de Escolas'!$C$3:$C$176,'Lista de Escolas'!$E$3:$E$176),"") -> Escolas Rainha Santa Isabel | G6: 1 | H6: 1 | K6: configuração de impressora/fotocopiadora em 3 computadores, resolução de problemas no acesso à rede wifi num pc | L6: -
B7: 46212 | C7: EB1 Porto Carro | E7: =IF(C7>0,LOOKUP(C7,'Lista de Escolas'!$C$3:$C$176,'Lista de Escolas'!$E$3:$E$176),"") -> Escolas Rainha Santa Isabel | F7: 1 | H7: 1 | K7: substituição e coniguração de access point
B8: 46216 | C8: EB1 Carriera | E8: =IF(C8>0,LOOKUP(C8,'Lista de Escolas'!$C$3:$C$176,'Lista de Escolas'!$E$3:$E$176),"") -> Escolas Domingos Sequeira | F8: 1 | J8: 1 | K8: Instalação de dois adaptadores HDMI/DVI e configurações de dois quadros interativos
B9: 46216 | C9: EB1 Vidigal | E9: =IF(C9>0,LOOKUP(C9,'Lista de Escolas'!$C$3:$C$176,'Lista de Escolas'!$E$3:$E$176),"") -> Escolas Rainha Santa Isabel | H9: 1 | K9: asferição das necessidades de equipamento de rede para dotar a nova sala com internet
B10: 46217 | C10: EB1 Carreira | E10: =IF(C10>0,LOOKUP(C10,'Lista de Escolas'!$C$3:$C$176,'Lista de Escolas'!$E$3:$E$176),"") -> Escolas Domingos Sequeira | F10: 1 | J10: 1 | K10: instalação e configuiração de um splitter VGS e confiuração de quadro interativo
B11: 46217 | C11: EB1 Bidoeira de Cima | E11: =IF(C11>0,LOOKUP(C11,'Lista de Escolas'!$C$3:$C$176,'Lista de Escolas'!$E$3:$E$176),"") -> Escolas Domingos Sequeira
E12: =IF(C12>0,LOOKUP(C12,'Lista de Escolas'!$C$3:$C$176,'Lista de Escolas'!$E$3:$E$176),"")
E13: =IF(C13>0,LOOKUP(C13,'Lista de Escolas'!$C$3:$C$176,'Lista de Escolas'!$E$3:$E$176),"")
E14: =IF(C14>0,LOOKUP(C14,'Lista de Escolas'!$C$3:$C$176,'Lista de Escolas'!$E$3:$E$176),"")
E15: =IF(C15>0,LOOKUP(C15,'Lista de Escolas'!$C$3:$C$176,'Lista de Escolas'!$E$3:$E$176),"")
E16: =IF(C16>0,LOOKUP(C16,'Lista de Escolas'!$C$3:$C$176,'Lista de Escolas'!$E$3:$E$176),"")
E17: =IF(C17>0,LOOKUP(C17,'Lista de Escolas'!$C$3:$C$176,'Lista de Escolas'!$E$3:$E$176),"")
E18: =IF(C18>0,LOOKUP(C18,'Lista de Escolas'!$C$3:$C$176,'Lista de Escolas'!$E$3:$E$176),"")
E19: =IF(C19>0,LOOKUP(C19,'Lista de Escolas'!$C$3:$C$176,'Lista de Escolas'!$E$3:$E$176),"")
E20: =IF(C20>0,LOOKUP(C20,'Lista de Escolas'!$C$3:$C$176,'Lista de Escolas'!$E$3:$E$176),"")
E21: =IF(C21>0,LOOKUP(C21,'Lista de Escolas'!$C$3:$C$176,'Lista de Escolas'!$E$3:$E$176),"")
E22: =IF(C22>0,LOOKUP(C22,'Lista de Escolas'!$C$3:$C$176,'Lista de Escolas'!$E$3:$E$176),"")
E23: =IF(C23>0,LOOKUP(C23,'Lista de Escolas'!$C$3:$C$176,'Lista de Escolas'!$E$3:$E$176),"")
... E47: =IF(C47>0,LOOKUP(C47,'Lista de Escolas'!$C$3:$C$176,'Lista de Escolas'!$E$3:$E$176),"")
E48: =IF(C48>0,LOOKUP(C48,'Lista de Escolas'!$C$3:$C$178,'Lista de Escolas'!$E$3:$E$178),"")
E49: =IF(C49>0,LOOKUP(C49,'Lista de Escolas'!$C$3:$C$178,'Lista de Escolas'!$E$3:$E$178),"")
E50: =IF(C50>0,LOOKUP(C50,'Lista de Escolas'!$C$3:$C$178,'Lista de Escolas'!$E$3:$E$178),"")
E51: =IF(C51>0,LOOKUP(C51,'Lista de Escolas'!$C$3:$C$178,'Lista de Escolas'!$E$3:$E$178),"")
E52: =IF(C52>0,LOOKUP(C52,'Lista de Escolas'!$C$3:$C$178,'Lista de Escolas'!$E$3:$E$178),"")
E53: =IF(C53>0,LOOKUP(C53,'Lista de Escolas'!$C$3:$C$178,'Lista de Escolas'!$E$3:$E$178),"")
E54: =IF(C54>0,LOOKUP(C54,'Lista de Escolas'!$C$3:$C$178,'Lista de Escolas'!$E$3:$E$178),"")
E55: =IF(C55>0,LOOKUP(C55,'Lista de Escolas'!$C$3:$C$178,'Lista de Escolas'!$E$3:$E$178),"")
E56: =IF(C56>0,LOOKUP(C56,'Lista de Escolas'!$C$3:$C$178,'Lista de Escolas'!$E$3:$E$178),"")
E57: =IF(C57>0,LOOKUP(C57,'Lista de Escolas'!$C$3:$C$178,'Lista de Escolas'!$E$3:$E$178),"")
E58: =IF(C58>0,LOOKUP(C58,'Lista de Escolas'!$C$3:$C$178,'Lista de Escolas'!$E$3:$E$178),"")
F59: Hardware | G59: Software | H59: Redes | I59: VPN | J59: AudioVisual
B60: Tot. Visitas | C60: Escolas Rainha Santa Isabel | E60: =COUNTIFS(E3:E50,"=Escolas Rainha Santa Isabel") -> 4 | F60: =SUM(F5:F48) -> 4 | G60: =SUM(G5:G48) -> 1 | H60: =SUM(H5:H48) -> 3 | I60: =SUM(I5:I48) -> 1 | J60: =SUM(J5:J48) -> 2
B61: =COUNT(B6:B59) -> 6 | C61: Escolas Dr. Correia Mateus | E61: =COUNTIFS(E3:E50,"=Escolas Dr. Correia Mateus") -> 0
C62: Escolas da Caranguejeira - Santa Catarina da Serra | E62: =COUNTIFS(E3:E50,"=Escolas da Caranguejeira - Santa Catarina da Serra") -> 0
C63: Escolas de Colmeias | E63: =COUNTIFS(E3:E50,"=Escolas de Colmeias") -> 0
C64: Escolas de Marrazes | E64: =COUNTIFS(E3:E50,"=Escolas de Marrazes") -> 0
C65: Escolas Domingos Sequeira | E65: =COUNTIFS(E3:E50,"=Escolas Domingos Sequeira") -> 3
C66: Escolas D. Dinis | E66: =COUNTIFS(E3:E50,"=Escolas D. Dinis") -> 0
C67: Escolas Henrique Sommer | E67: =COUNTIFS(E5:E58,"=Henrique Sommer") -> 0
C68: Total | E68: =SUM(E60:E67) -> 7

Sheet AGO
B1: Assistências Nas Escolas 2026
B3: AGOSTO
A4: Data Pedido | B4: Data | C4: Estabelecimento | D4: Freguesia | E4: Agrupamento | F4: Hardware | G4: Software | H4: Redes | I4: VPN | J4: AudioVisual | K4: Tipo de Intervenção | L4: Material Recolhido / Abatido
C5: JI Courelas | E5: =SET!E5=IF(C5>0,LOOKUP(C5,'Lista de Escolas'!$C$3:$C$176,'Lista de Escolas'!$E$3:$E$176),"") -> FALSE
E6: =IF(C6>0,LOOKUP(C6,'Lista de Escolas'!$C$3:$C$178,'Lista de Escolas'!$E$3:$E$178),"")
E7: =IF(C7>0,LOOKUP(C7,'Lista de Escolas'!$C$3:$C$178,'Lista de Escolas'!$E$3:$E$178),"")
E8: =IF(C8>0,LOOKUP(C8,'Lista de Escolas'!$C$3:$C$178,'Lista de Escolas'!$E$3:$E$178),"")
E9: =IF(C9>0,LOOKUP(C9,'Lista de Escolas'!$C$3:$C$178,'Lista de Escolas'!$E$3:$E$178),"")
E10: =IF(C10>0,LOOKUP(C10,'Lista de Escolas'!$C$3:$C$178,'Lista de Escolas'!$E$3:$E$178),"")
E11: =IF(C11>0,LOOKUP(C11,'Lista de Escolas'!$C$3:$C$178,'Lista de Escolas'!$E$3:$E$178),"")
E12: =IF(C12>0,LOOKUP(C12,'Lista de Escolas'!$C$3:$C$178,'Lista de Escolas'!$E$3:$E$178),"")
E13: =IF(C13>0,LOOKUP(C13,'Lista de Escolas'!$C$3:$C$178,'Lista de Escolas'!$E$3:$E$178),"")
E14: =IF(C14>0,LOOKUP(C14,'Lista de Escolas'!$C$3:$C$178,'Lista de Escolas'!$E$3:$E$178),"")
E15: =IF(C15>0,LOOKUP(C15,'Lista de Escolas'!$C$3:$C$178,'Lista de Escolas'!$E$3:$E$178),"")
E16: =IF(C16>0,LOOKUP(C16,'Lista de Escolas'!$C$3:$C$178,'Lista de Escolas'!$E$3:$E$178),"")
E17: =IF(C17>0,LOOKUP(C17,'Lista de Escolas'!$C$3:$C$178,'Lista de Escolas'!$E$3:$E$178),"")
... E58: =IF(C58>0,LOOKUP(C58,'Lista de Escolas'!$C$3:$C$178,'Lista de Escolas'!$E$3:$E$178),"")
E59: =IF(C57>0,LOOKUP(C57,'Lista de Escolas'!$C$3:$C$178,'Lista de Escolas'!$E$3:$E$178),"")
B60: Tot. Visitas | E60: =COUNTIFS(E3:E50,"=Escolas Rainha Santa Isabel") -> 0 | J60: Escolas Rainha Santa Isabel
B61: =COUNT(B5:B59) -> 0 | E61: =COUNTIFS(E3:E50,"=Escolas Dr. Correia Mateus") -> 0 | J61: Escolas Dr. Correia Mateus
E62: =COUNTIFS(E3:E50,"=Escolas da Caranguejeira - Santa Catarina da Serra") -> 0 | J62: Escolas da Caranguejeira - Santa Catarina da Serra
E63: =COUNTIFS(E3:E50,"=Escolas de Colmeias") -> 0 | J63: Escolas de Colmeias
E64: =COUNTIFS(E3:E50,"=Escolas de Marrazes") -> 0 | J64: Escolas de Marrazes
E65: =COUNTIFS(E3:E50,"=Escolas Domingos Sequeira") -> 0 | J65: Escolas Domingos Sequeira
E66: =COUNTIFS(E3:E50,"=Escolas D. Dinis") -> 0 | J66: Escolas D. Dinis
E67: =COUNTIFS(E4:E51,"=Henrique Sommer") -> 0 | J67: Escolas Maceira
E68: =SUM(E60:E67) -> 0 | J68: Total

Sheet SET
B1: Assistências Nas Escolas 2026
B3: SETEMBRO
A4: Data Pedido | B4: Data | C4: Estabelecimento | D4: Freguesia | E4: Agrupamento | F4: Hardware | G4: Software | H4: Redes | I4: VPN | J4: AudioVisual | K4: Tipo de Intervenção | L4: Material Recolhido / Abatido
E5: =IF(C5>0,LOOKUP(C5,'Lista de Escolas'!$C$3:$C$176,'Lista de Escolas'!$E$3:$E$176),"") | L5: 10 computadores ficos INSYS
E6: =IF(C6>0,LOOKUP(C6,'Lista de Escolas'!$C$3:$C$176,'Lista de Escolas'!$E$3:$E$176),"")
E7: =IF(C7>0,LOOKUP(C7,'Lista de Escolas'!$C$3:$C$176,'Lista de Escolas'!$E$3:$E$176),"")
E8: =IF(C8>0,LOOKUP(C8,'Lista de Escolas'!$C$3:$C$176,'Lista de Escolas'!$E$3:$E$176),"")
E9: =IF(C9>0,LOOKUP(C9,'Lista de Escolas'!$C$3:$C$176,'Lista de Escolas'!$E$3:$E$176),"")
E10: =IF(C10>0,LOOKUP(C10,'Lista de Escolas'!$C$3:$C$176,'Lista de Escolas'!$E$3:$E$176),"")
E11: =IF(C11>0,LOOKUP(C11,'Lista de Escolas'!$C$3:$C$176,'Lista de Escolas'!$E$3:$E$176),"")
E12: =IF(C12>0,LOOKUP(C12,'Lista de Escolas'!$C$3:$C$176,'Lista de Escolas'!$E$3:$E$176),"")
E13: =IF(C13>0,LOOKUP(C13,'Lista de Escolas'!$C$3:$C$176,'Lista de Escolas'!$E$3:$E$176),"")
E14: =IF(C14>0,LOOKUP(C14,'Lista de Escolas'!$C$3:$C$176,'Lista de Escolas'!$E$3:$E$176),"")
E15: =IF(C15>0,LOOKUP(C15,'Lista de Escolas'!$C$3:$C$176,'Lista de Escolas'!$E$3:$E$176),"")
E16: =IF(C16>0,LOOKUP(C16,'Lista de Escolas'!$C$3:$C$176,'Lista de Escolas'!$E$3:$E$176),"")
E17: =IF(C17>0,LOOKUP(C17,'Lista de Escolas'!$C$3:$C$176,'Lista de Escolas'!$E$3:$E$176),"")
... E56: =IF(C56>0,LOOKUP(C56,'Lista de Escolas'!$C$3:$C$176,'Lista de Escolas'!$E$3:$E$176),"")
E57: =IF(C57>0,LOOKUP(C57,'Lista de Escolas'!$C$3:$C$178,'Lista de Escolas'!$E$3:$E$178),"")
B59: Tot. Visitas | E59: =COUNTIFS(E5:E49,"=Escolas Rainha Santa Isabel") -> 0 | J59: Escolas Rainha Santa Isabel
B60: =COUNT(B5:B58) -> 0 | E60: =COUNTIFS(E5:E49,"=Escolas Dr. Correia Mateus") -> 0 | J60: Escolas Dr. Correia Mateus
E61: =COUNTIFS(E5:E49,"=Escolas da Caranguejeira - Santa Catarina da Serra") -> 0 | J61: Escolas da Caranguejeira - Santa Catarina da Serra
E62: =COUNTIFS(E5:E49,"=Escolas de Colmeias") -> 0 | J62: Escolas de Colmeias
E63: =COUNTIFS(E5:E49,"=Escolas de Marrazes") -> 0 | J63: Escolas de Marrazes
E64: =COUNTIFS(E5:E49,"=Escolas Domingos Sequeira") -> 0 | J64: Escolas Domingos Sequeira
E65: =COUNTIFS(E5:E49,"=Escolas D. Dinis") -> 0 | J65: Escolas D. Dinis
E66: =COUNTIFS(E5:E50,"=Henrique Sommer") -> 0 | J66: Escolas Maceira
E67: =SUM(E59:E66) -> 0 | J67: Total

Sheet OUT
B1: Assistências Nas Escolas 2023
B3: OUTUBRO
A4: T]ecnico | B4: Data | C4: Estabelecimento | D4: Freguesia | E4: Agrupamento | F4: Hardware | G4: Software | H4: Redes | I4: VPN | J4: AudioVisual | K4: Tipo de Intervenção | L4: Material Recolhido / Abatido
E5: =IF(C5>0,LOOKUP(C5,'Lista de Escolas'!$C$3:$C$176,'Lista de Escolas'!$E$3:$E$176),"") | L5: -
E6: =IF(C6>0,LOOKUP(C6,'Lista de Escolas'!$C$3:$C$178,'Lista de Escolas'!$E$3:$E$178),"") | L6: -
E7: =IF(C7>0,LOOKUP(C7,'Lista de Escolas'!$C$3:$C$178,'Lista de Escolas'!$E$3:$E$178),"") | L7: -
E8: =IF(C8>0,LOOKUP(C8,'Lista de Escolas'!$C$3:$C$178,'Lista de Escolas'!$E$3:$E$178),"") | L8: -
E9: =IF(C9>0,LOOKUP(C9,'Lista de Escolas'!$C$3:$C$178,'Lista de Escolas'!$E$3:$E$178),"")
E10: =IF(C10>0,LOOKUP(C10,'Lista de Escolas'!$C$3:$C$178,'Lista de Escolas'!$E$3:$E$178),"")
E11: =IF(C11>0,LOOKUP(C11,'Lista de Escolas'!$C$3:$C$178,'Lista de Escolas'!$E$3:$E$178),"")
E12: =IF(C12>0,LOOKUP(C12,'Lista de Escolas'!$C$3:$C$178,'Lista de Escolas'!$E$3:$E$178),"")
E13: =IF(C13>0,LOOKUP(C13,'Lista de Escolas'!$C$3:$C$178,'Lista de Escolas'!$E$3:$E$178),"")
E14: =IF(C14>0,LOOKUP(C14,'Lista de Escolas'!$C$3:$C$178,'Lista de Escolas'!$E$3:$E$178),"")
E15: =IF(C15>0,LOOKUP(C15,'Lista de Escolas'!$C$3:$C$178,'Lista de Escolas'!$E$3:$E$178),"")
E16: =IF(C16>0,LOOKUP(C16,'Lista de Escolas'!$C$3:$C$178,'Lista de Escolas'!$E$3:$E$178),"")
E17: =IF(C17>0,LOOKUP(C17,'Lista de Escolas'!$C$3:$C$178,'Lista de Escolas'!$E$3:$E$178),"")
E18: =IF(C18>0,LOOKUP(C18,'Lista de Escolas'!$C$3:$C$178,'Lista de Escolas'!$E$3:$E$178),"")
E19: =IF(C19>0,LOOKUP(C19,'Lista de Escolas'!$C$3:$C$178,'Lista de Escolas'!$E$3:$E$178),"")
E20: =IF(C20>0,LOOKUP(C20,'Lista de Escolas'!$C$3:$C$178,'Lista de Escolas'!$E$3:$E$178),"")
... E25: =IF(C25>0,LOOKUP(C25,'Lista de Escolas'!$C$3:$C$178,'Lista de Escolas'!$E$3:$E$178),"")
E26: =IF(C26>0,LOOKUP(C26,'Lista de Escolas'!$C$3:$C$178,'Lista de Escolas'!$E$3:$E$178),"") | L26: Portatil "Classemate PC" (rato tactil avariado , não liga)
E27: =IF(C27>0,LOOKUP(C27,'Lista de Escolas'!$C$3:$C$178,'Lista de Escolas'!$E$3:$E$178),"")
E28: =IF(C28>0,LOOKUP(C28,'Lista de Escolas'!$C$3:$C$178,'Lista de Escolas'!$E$3:$E$178),"")
E29: =IF(C29>0,LOOKUP(C29,'Lista de Escolas'!$C$3:$C$178,'Lista de Escolas'!$E$3:$E$178),"") | L29: Recolhi o Portatil nº 130748 (bateria viciada não ligava) e substitui por o 130734)
E30: =IF(C30>0,LOOKUP(C30,'Lista de Escolas'!$C$3:$C$178,'Lista de Escolas'!$E$3:$E$178),"")
E31: =IF(C31>0,LOOKUP(C31,'Lista de Escolas'!$C$3:$C$178,'Lista de Escolas'!$E$3:$E$178),"") | L31: ,
E32: =IF(C32>0,LOOKUP(C32,'Lista de Escolas'!$C$3:$C$178,'Lista de Escolas'!$E$3:$E$178),"")
E33: =IF(C33>0,LOOKUP(C33,'Lista de Escolas'!$C$3:$C$178,'Lista de Escolas'!$E$3:$E$178),"")
E34: =IF(C34>0,LOOKUP(C34,'Lista de Escolas'!$C$3:$C$178,'Lista de Escolas'!$E$3:$E$178),"")
E35: =IF(C35>0,LOOKUP(C35,'Lista de Escolas'!$C$3:$C$178,'Lista de Escolas'!$E$3:$E$178),"")
E36: =IF(C36>0,LOOKUP(C36,'Lista de Escolas'!$C$3:$C$178,'Lista de Escolas'!$E$3:$E$178),"")
E37: =IF(C37>0,LOOKUP(C37,'Lista de Escolas'!$C$3:$C$178,'Lista de Escolas'!$E$3:$E$178),"")
E38: =IF(C38>0,LOOKUP(C38,'Lista de Escolas'!$C$3:$C$178,'Lista de Escolas'!$E$3:$E$178),"")
E39: =IF(C39>0,LOOKUP(C39,'Lista de Escolas'!$C$3:$C$178,'Lista de Escolas'!$E$3:$E$178),"")
E40: =IF(C40>0,LOOKUP(C40,'Lista de Escolas'!$C$3:$C$178,'Lista de Escolas'!$E$3:$E$178),"")
E41: =IF(C41>0,LOOKUP(C41,'Lista de Escolas'!$C$3:$C$178,'Lista de Escolas'!$E$3:$E$178),"")
E42: =IF(C42>0,LOOKUP(C42,'Lista de Escolas'!$C$3:$C$178,'Lista de Escolas'!$E$3:$E$178),"")
E43: =IF(C43>0,LOOKUP(C43,'Lista de Escolas'!$C$3:$C$178,'Lista de Escolas'!$E$3:$E$178),"")
... E61: =IF(C61>0,LOOKUP(C61,'Lista de Escolas'!$C$3:$C$178,'Lista de Escolas'!$E$3:$E$178),"")
B63: Tot. Visitas | E63: =COUNTIFS(E5:E53,"=Escolas Rainha Santa Isabel") -> 0 | J63: Escolas Rainha Santa Isabel
B64: =COUNT(B5:B62) -> 0 | E64: =COUNTIFS(E5:E53,"=Escolas Dr. Correia Mateus") -> 0 | J64: Escolas Dr. Correia Mateus
E65: =COUNTIFS(E5:E53,"=Escolas da Caranguejeira - Santa Catarina da Serra") -> 0 | J65: Escolas da Caranguejeira - Santa Catarina da Serra
E66: =COUNTIFS(E5:E53,"=Escolas de Colmeias") -> 0 | J66: Escolas de Colmeias
E67: =COUNTIFS(E5:E53,"=Escolas de Marrazes") -> 0 | J67: Escolas de Marrazes
E68: =COUNTIFS(E5:E50,"=Escolas Domingos Sequeira") -> 0 | J68: Escolas Domingos Sequeira
E69: =COUNTIFS(E5:E53,"=Escolas D. Dinis") -> 0 | J69: Escolas D. Dinis
E70: =COUNTIFS(E5:E54,"=Henrique Sommer") -> 0 | J70: Henrique Sommner
E71: =SUM(E63:E70) -> 0 | J71: Total

Sheet NOV
B1: Assistências Nas Escolas 2026
B3: NOVEMBRO
A4: Data Pedido | B4: Data | C4: Estabelecimento | D4: Agrupamento | E4: Freguesia | F4: Hardware | G4: Software | H4: Redes | I4: VPN | J4: AudioVisual | K4: Material Recolhido / Abatido
D5: =IF(C5>0,LOOKUP(C5,'Lista de Escolas'!$C$2:$C$178,'Lista de Escolas'!$E$2:$E$178),"") | K5: -
D6: =IF(C6>0,LOOKUP(C6,'Lista de Escolas'!$C$2:$C$178,'Lista de Escolas'!$E$2:$E$178),"") | K6: -
D7: =IF(C7>0,LOOKUP(C7,'Lista de Escolas'!$C$2:$C$178,'Lista de Escolas'!$E$2:$E$178),"")
D8: =IF(C8>0,LOOKUP(C8,'Lista de Escolas'!$C$2:$C$178,'Lista de Escolas'!$E$2:$E$178),"")
D9: =IF(C9>0,LOOKUP(C9,'Lista de Escolas'!$C$2:$C$178,'Lista de Escolas'!$E$2:$E$178),"")
D10: =IF(C10>0,LOOKUP(C10,'Lista de Escolas'!$C$2:$C$178,'Lista de Escolas'!$E$2:$E$178),"")
D11: =IF(C11>0,LOOKUP(C11,'Lista de Escolas'!$C$2:$C$178,'Lista de Escolas'!$E$2:$E$178),"")
D12: =IF(C12>0,LOOKUP(C12,'Lista de Escolas'!$C$2:$C$178,'Lista de Escolas'!$E$2:$E$178),"")
D13: =IF(C13>0,LOOKUP(C13,'Lista de Escolas'!$C$2:$C$178,'Lista de Escolas'!$E$2:$E$178),"")
D14: =IF(C14>0,LOOKUP(C14,'Lista de Escolas'!$C$2:$C$178,'Lista de Escolas'!$E$2:$E$178),"")
D15: =IF(C15>0,LOOKUP(C15,'Lista de Escolas'!$C$2:$C$178,'Lista de Escolas'!$E$2:$E$178),"")
D16: =IF(C16>0,LOOKUP(C16,'Lista de Escolas'!$C$2:$C$178,'Lista de Escolas'!$E$2:$E$178),"")
D17: =IF(C17>0,LOOKUP(C17,'Lista de Escolas'!$C$3:$C$178,'Lista de Escolas'!$E$3:$E$178),"")
D18: =IF(C18>0,LOOKUP(C18,'Lista de Escolas'!$C$3:$C$178,'Lista de Escolas'!$E$3:$E$178),"")
D19: =IF(C19>0,LOOKUP(C19,'Lista de Escolas'!$C$3:$C$178,'Lista de Escolas'!$E$3:$E$178),"")
D20: =IF(C20>0,LOOKUP(C20,'Lista de Escolas'!$C$3:$C$178,'Lista de Escolas'!$E$3:$E$178),"")
D21: =IF(C21>0,LOOKUP(C21,'Lista de Escolas'!$C$3:$C$178,'Lista de Escolas'!$E$3:$E$178),"")
D22: =IF(C22>0,LOOKUP(C22,'Lista de Escolas'!$C$3:$C$178,'Lista de Escolas'!$E$3:$E$178),"")
D23: =IF(C23>0,LOOKUP(C23,'Lista de Escolas'!$C$3:$C$178,'Lista de Escolas'!$E$3:$E$178),"")
D24: =IF(C24>0,LOOKUP(C24,'Lista de Escolas'!$C$3:$C$178,'Lista de Escolas'!$E$3:$E$178),"")
D25: =IF(C25>0,LOOKUP(C25,'Lista de Escolas'!$C$3:$C$178,'Lista de Escolas'!$E$3:$E$178),"")
D26: =IF(C26>0,LOOKUP(C26,'Lista de Escolas'!$C$3:$C$178,'Lista de Escolas'!$E$3:$E$178),"")
D27: =IF(C27>0,LOOKUP(C27,'Lista de Escolas'!$C$3:$C$178,'Lista de Escolas'!$E$3:$E$178),"")
D28: =IF(C28>0,LOOKUP(C28,'Lista de Escolas'!$C$3:$C$178,'Lista de Escolas'!$E$3:$E$178),"")
... D67: =IF(C67>0,LOOKUP(C67,'Lista de Escolas'!$C$3:$C$178,'Lista de Escolas'!$E$3:$E$178),"")
B69: Tot. Visitas | D69: =COUNTIFS(D5:D59,"=Escolas Rainha Santa Isabel") -> 0 | E69: Escolas Rainha Santa Isabel
B70: =COUNT(B5:B68) -> 0 | D70: =COUNTIFS(D5:D59,"=Escolas Dr. Correia Mateus") -> 0 | E70: Escolas Dr. Correia Mateus
D71: =COUNTIFS(D5:D59,"=Escolas da Caranguejeira - Santa Catarina da Serra") -> 0 | E71: Escolas da Caranguejeira - Santa Catarina da Serra
D72: =COUNTIFS(D5:D59,"=Escolas de Colmeias") -> 0 | E72: Escolas de Colmeias
D73: =COUNTIFS(D5:D59,"=Escolas de Marrazes") -> 0 | E73: Escolas de Marrazes
D74: =COUNTIFS(D5:D59,"=Escolas Domingos Sequeira") -> 0 | E74: Escolas Domingos Sequeira
D75: =COUNTIFS(D5:D59,"=Escolas D. Dinis") -> 0 | E75: Escolas D. Dinis
D76: =COUNTIFS(D5:D60,"=Henrique Sommer") -> 0 | E76: Henrique Sommer
D77: =SUM(D69:D76) -> 0 | E77: Total

Sheet DEZ
B1: Assistências Nas Escolas 2026
B3: DEZEMBRO
A4: Data Pedido | B4: Data | C4: Estabelecimento | D4: Agrupamento | E4: Freguesia | F4: Hardware | G4: Software | H4: Redes | I4: VPN | J4: AudioVisual | K4: Material Recolhido
D5: =IF(C5>0,LOOKUP(C5,'Lista de Escolas'!$C$3:$C$178,'Lista de Escolas'!$E$3:$E$178),"") | K5: -
D6: =IF(C6>0,LOOKUP(C6,'Lista de Escolas'!$C$3:$C$178,'Lista de Escolas'!$E$3:$E$178),"") | K6: -
D7: =IF(C7>0,LOOKUP(C7,'Lista de Escolas'!$C$3:$C$178,'Lista de Escolas'!$E$3:$E$178),"") | K7: -
D8: =IF(C8>0,LOOKUP(C8,'Lista de Escolas'!$C$3:$C$178,'Lista de Escolas'!$E$3:$E$178),"")
D9: =IF(C9>0,LOOKUP(C9,'Lista de Escolas'!$C$3:$C$178,'Lista de Escolas'!$E$3:$E$178),"")
D10: =IF(C10>0,LOOKUP(C10,'Lista de Escolas'!$C$3:$C$178,'Lista de Escolas'!$E$3:$E$178),"")
D11: =IF(C11>0,LOOKUP(C11,'Lista de Escolas'!$C$3:$C$178,'Lista de Escolas'!$E$3:$E$178),"")
D12: =IF(C12>0,LOOKUP(C12,'Lista de Escolas'!$C$3:$C$178,'Lista de Escolas'!$E$3:$E$178),"")
D13: =IF(C13>0,LOOKUP(C13,'Lista de Escolas'!$C$3:$C$178,'Lista de Escolas'!$E$3:$E$178),"")
D14: =IF(C14>0,LOOKUP(C14,'Lista de Escolas'!$C$3:$C$178,'Lista de Escolas'!$E$3:$E$178),"")
D15: =IF(C15>0,LOOKUP(C15,'Lista de Escolas'!$C$3:$C$178,'Lista de Escolas'!$E$3:$E$178),"")
D16: =IF(C16>0,LOOKUP(C16,'Lista de Escolas'!$C$3:$C$178,'Lista de Escolas'!$E$3:$E$178),"")
D17: =IF(C17>0,LOOKUP(C17,'Lista de Escolas'!$C$3:$C$178,'Lista de Escolas'!$E$3:$E$178),"")
D18: =IF(C18>0,LOOKUP(C18,'Lista de Escolas'!$C$3:$C$178,'Lista de Escolas'!$E$3:$E$178),"")
D19: =IF(C19>0,LOOKUP(C19,'Lista de Escolas'!$C$3:$C$178,'Lista de Escolas'!$E$3:$E$178),"")
... D66: =IF(C66>0,LOOKUP(C66,'Lista de Escolas'!$C$3:$C$178,'Lista de Escolas'!$E$3:$E$178),"")
B68: Tot. Visitas | D68: =COUNTIFS(D5:D58,"=Escolas Rainha Santa Isabel") -> 0 | E68: Escolas Rainha Santa Isabel
B69: =COUNT(B5:B67) -> 0 | D69: =COUNTIFS(D5:D58,"=Escolas Dr. Correia Mateus") -> 0 | E69: Escolas Dr. Correia Mateus
D70: =COUNTIFS(D5:D58,"=Escolas da Caranguejeira - Santa Catarina da Serra") -> 0 | E70: Escolas da Caranguejeira - Santa Catarina da Serra
D71: =COUNTIFS(D5:D58,"=Escolas de Colmeias") -> 0 | E71: Escolas de Colmeias
D72: =COUNTIFS(D5:D58,"=Escolas de Marrazes") -> 0 | E72: Escolas de Marrazes
D73: =COUNTIFS(D5:D58,"=Escolas Domingos Sequeira") -> 0 | E73: Escolas Domingos Sequeira
D74: =COUNTIFS(D5:D58,"=Escolas D. Dinis") -> 0 | E74: Escolas D. Dinis
D75: =COUNTIFS(D5:D59,"=Escolas da Maceira") -> 0 | E75: Escolas Maceira
D76: =SUM(D68:D74) -> 0 | E76: Total

Sheet Totais
A1: Total de Intervenções por Agrupamento
A2: Janeiro | B2: Fevereiro | C2: Março | D2: Abril | E2: Maio | F2: Junho | G2: Julho | H2: Agosto | I2: Setembro | J2: Outubro | K2: Novembro | L2: Dezembro | M2: Totais
A3: Rainha St. Isabel | M3: Rainha St. Isabel
A4: =JAN!E64 -> 15 | B4: =FEV!E84 -> 6 | C4: =MAR!E65 -> 15 | D4: =ABR!E62 -> 11 | E4: =MAI!E62 -> 13 | F4: =JUN!E61 -> 5 | G4: =JUL!E60 -> 4 | H4: =AGO!E60 -> 0 | I4: =SET!E59 -> 0 | J4: =OUT!E63 -> 0 | K4: =NOV!D69 -> 0 | L4: =DEZ!D68 -> 0 | M4: =SUM(A4:L4) -> 69
A5: Escolas Dr. Correia Mateus | M5: Correia Mateus
A6: =JAN!E65 -> 11 | B6: =FEV!E85 -> 0 | C6: =MAR!E66 -> 0 | D6: =ABR!E63 -> 0 | E6: =MAI!E63 -> 0 | F6: =JUN!E62 -> 0 | G6: =JUL!E61 -> 0 | H6: =AGO!E61 -> 0 | I6: =SET!E60 -> 0 | J6: =OUT!E64 -> 0 | K6: =NOV!D70 -> 0 | L6: =DEZ!D69 -> 0 | M6: =SUM(A6:L6) -> 11
A7: Caranguejeira - Santa Catarina da Serra | M7: Caranguejeira
A8: =JAN!E66 -> 0 | B8: =FEV!E86 -> 0 | C8: =MAR!E67 -> 4 | D8: =ABR!E64 -> 1 | E8: =MAI!E64 -> 0 | F8: =JUN!E63 -> 0 | G8: =JUL!E63 -> 0 | H8: =AGO!E62 -> 0 | I8: =SET!E61 -> 0 | J8: =OUT!E65 -> 0 | K8: =NOV!D71 -> 0 | L8: =DEZ!D70 -> 0 | M8: =SUM(A8:L8) -> 5
A9: Colmeias | M9: Colmeias
A10: =JAN!E67 -> 0 | B10: =FEV!E87 -> 0 | C10: =MAR!E68 -> 0 | D10: =ABR!E65 -> 0 | E10: =MAI!E65 -> 0 | F10: =JUN!E64 -> 0 | G10: =JUL!E63 -> 0 | H10: =AGO!E63 -> 0 | I10: =SET!E62 -> 0 | J10: =OUT!E66 -> 0 | K10: =NOV!D72 -> 0 | L10: =DEZ!D71 -> 0 | M10: =SUM(A10:L10) -> 0
A11: Marrazes | M11: Marrazes
A12: =JAN!E68 -> 0 | B12: =FEV!E88 -> 0 | C12: =MAR!E69 -> 0 | D12: =ABR!E66 -> 0 | E12: =MAI!E66 -> 0 | F12: =JUN!E65 -> 0 | G12: =JUL!E64 -> 0 | H12: =AGO!E64 -> 0 | I12: =SET!E63 -> 0 | J12: =OUT!E67 -> 0 | K12: =NOV!D73 -> 0 | L12: =DEZ!D72 -> 0 | M12: =SUM(A12:L12) -> 0
A13: Domingos Sequeira | M13: Domingos Sequeira
A14: =JAN!E69 -> 6 | B14: =FEV!E89 -> 4 | C14: =MAR!E70 -> 7 | D14: =ABR!E67 -> 1 | E14: =MAI!E67 -> 4 | F14: =JUN!E66 -> 3 | G14: =JUL!E65 -> 3 | H14: =AGO!E65 -> 0 | I14: =SET!E64 -> 0 | J14: =OUT!E68 -> 0 | K14: =NOV!D74 -> 0 | L14: =DEZ!D73 -> 0 | M14: =SUM(A14:L14) -> 28
A15: D. Dinis | M15: D. Dinis
A16: =JAN!E70 -> 0 | B16: =FEV!E90 -> 1 | C16: =MAR!E71 -> 6 | D16: =ABR!E68 -> 6 | E16: =MAI!E68 -> 0 | F16: =JUN!E67 -> 0 | G16: =JUL!E66 -> 0 | H16: =AGO!E66 -> 0 | I16: =SET!E65 -> 0 | J16: =OUT!E69 -> 0 | K16: =NOV!D75 -> 0 | L16: =DEZ!D74 -> 0 | M16: =SUM(A16:L16) -> 13
A17: Henrique Sommer | M17: Henrique Sommer
A18: =JAN!E71 -> 3 | B18: =FEV!E91 -> 0 | C18: =MAR!E72 -> 5 | D18: =ABR!E69 -> 2 | E18: =MAI!E69 -> 2 | F18: =JUN!E68 -> 3 | G18: =JUL!E67 -> 0 | H18: =AGO!E67 -> 0 | I18: =SET!E66 -> 0 | J18: =OUT!E70 -> 0 | K18: =NOV!D76 -> 0 | L18: =DEZ!D75 -> 0 | M18: =SUM(A18:L18) -> 15
A20: Total de Intervenções
A21: Janeiro | B21: Fevereiro | C21: Março | D21: Abril | E21: Maio | F21: Junho | G21: Julho | H21: Agosto | I21: Setembro | J21: Outubro | K21: Novembro | L21: Dezembro | M21: Total
A22: =JAN!E72 -> 35 | B22: =FEV!E92 -> 11 | C22: =MAR!E73 -> 37 | D22: =ABR!B63 -> 21 | E22: =MAI!B63 -> 24 | F22: =JUN!B62 -> 15 | G22: =JUL!E68 -> 7 | H22: =AGO!E68 -> 0 | I22: =SET!E67 -> 0 | J22: =OUT!E71 -> 0 | K22: =NOV!B70 -> 0 | L22: =DEZ!B69 -> 0 | M22: =SUM(A22:L22) -> 150

Sheet Pedidos de Intervenção
A3: Pedidos Pendentes | E3: Intervenções por Agrup. Mês corrente | H3: Tipo de Intervenção | K3: Pedidos Pendentes Ano corrente
A4: Ano | B4: Total | E4: Agrupamentos | F4: Total | H4: Tipo | I4: Total | K4: Ano | L4: Escola | M4: Agrup. | N4: Ticket
A5: 2024 | B5: =COUNTIF($K$5:$K$40,"=2024") -> 1 | E5: Escolas Rainha Santa Isabel | F5: =JUL!E60 -> 4 | H5: Hardware | I5: =JAN!F64+FEV!F84+MAR!F80+ABR!F62+MAI!F61 -> 71 | K5: 2024 | L5: EB1 Marinheiros | M5: =IF(L5>0,LOOKUP(L5,'Lista de Escolas'!$C$2:$C$181,'Lista de Escolas'!$E$2:$E$181),"") -> Escolas Domingos Sequeira | N5: cabos hdmi 15m
A6: 2025 | B6: =COUNTIF($K$5:$K$40,"=2025") -> 2 | E6: Escolas Dr. Correia Mateus | F6: =JUL!E61 -> 0 | H6: Software | I6: =JAN!G64+FEV!G84+MAR!G80+ABR!G62+MAI!G61 -> 24 | K6: 2025 | L6: EB1 Courelas | M6: =IF(L6>0,LOOKUP(L6,'Lista de Escolas'!$C$2:$C$181,'Lista de Escolas'!$E$2:$E$181),"") -> Escolas Domingos Sequeira | N6: instalação de access points em cada sala
A7: 2026 | B7: =COUNTIF($K$5:$K$40,"=2026") -> 6 | E7: Escolas da Caranguejeira | F7: =JUL!E62 -> 0 | H7: Redes | I7: =JAN!F64+FEV!H84+MAR!H80+ABR!H62+MAI!H61 -> 60 | K7: 2025 | L7: EB1 Guimarota | M7: =IF(L7>0,LOOKUP(L7,'Lista de Escolas'!$C$2:$C$181,'Lista de Escolas'!$E$2:$E$181),"") -> Escolas Domingos Sequeira | N7: Cabo hdmi 15m
E8: Escolas de Colmeias | F8: =JUL!E63 -> 0 | H8: VPN | I8: =JAN!I64+FEV!I84+MAR!I80+ABR!I62+MAI!I61 -> 16 | K8: 2026 | L8: EB1 Quinta da Alçada | M8: =IF(L8>0,LOOKUP(L8,'Lista de Escolas'!$C$2:$C$181,'Lista de Escolas'!$E$2:$E$181),"") -> Escolas Rainha Santa Isabel | N8: substituir cablagem de rede de cat5 para cat6
E9: Escolas de Marrazes | F9: =JUL!E64 -> 0 | H9: Audio-Visuais | I9: =JAN!J64+FEV!J84+MAR!J80+ABR!J62+MAI!J61 -> 7 | K9: 2026 | L9: EB1 Courelas | M9: =IF(L9>0,LOOKUP(L9,'Lista de Escolas'!$C$2:$C$181,'Lista de Escolas'!$E$2:$E$181),"") -> Escolas Domingos Sequeira | N9: 3 adaptadores HDMI -> VGA
E10: Escolas Domingos Sequeira | F10: =JUL!E65 -> 3 | K10: 2026 | L10: EB1 Carreira | M10: =IF(L10>0,LOOKUP(L10,'Lista de Escolas'!$C$2:$C$181,'Lista de Escolas'!$E$2:$E$181),"") -> Escolas da Caranguejeira - Santa Catarina da Serra | N10: 3 adaptadores HDMI -> VGA
E11: Escolas D. Dinis | F11: =JUL!E66 -> 0 | K11: 2026 | L11: EB1 Costas | M11: =IF(L11>0,LOOKUP(L11,'Lista de Escolas'!$C$2:$C$181,'Lista de Escolas'!$E$2:$E$181),"") -> Escolas Domingos Sequeira | N11: Verificar computador, nem sempre arranca
E12: Escolas Henrique Sommer | F12: =JUL!E67 -> 0 | K12: 2026 | L12: EB1 Vidigal | M12: =IF(L12>0,LOOKUP(L12,'Lista de Escolas'!$C$2:$C$181,'Lista de Escolas'!$E$2:$E$181),"") -> Escolas Rainha Santa Isabel | N12: preparar conjunto(pc + monitor + teclado + rato), projetor e internet
E13: Total | F13: =SUM(F5:F12) -> 7 | K13: 2026 | L13: JI Gândara dos Olivais | M13: =IF(L13>0,LOOKUP(L13,'Lista de Escolas'!$C$2:$C$181,'Lista de Escolas'!$E$2:$E$181),"") -> Escolas Rainha Santa Isabel | N13: vpn
M14: =IF(L14>0,LOOKUP(L14,'Lista de Escolas'!$C$2:$C$181,'Lista de Escolas'!$E$2:$E$181),"")
E15: Intervenções por Agrup. TOTAL | M15: =IF(L15>0,LOOKUP(L15,'Lista de Escolas'!$C$2:$C$181,'Lista de Escolas'!$E$2:$E$181),"")
E16: Agrupamentos | F16: Total | H16: Tipo de Interv, mes | M16: =IF(L16>0,LOOKUP(L16,'Lista de Escolas'!$C$2:$C$181,'Lista de Escolas'!$E$2:$E$181),"")
E17: Escolas Rainha Santa Isabel | F17: =Totais!M4 -> 69 | H17: Tipo | I17: Total | M17: =IF(L17>0,LOOKUP(L17,'Lista de Escolas'!$C$2:$C$181,'Lista de Escolas'!$E$2:$E$181),"")
E18: Escolas Dr. Correia Mateus | F18: =Totais!M6 -> 11 | H18: Hardware | I18: =JUL!F60 -> 4 | M18: =IF(L18>0,LOOKUP(L18,'Lista de Escolas'!$C$2:$C$181,'Lista de Escolas'!$E$2:$E$181),"")
E19: Escolas da Caranguejeira | F19: =Totais!M8 -> 5 | H19: Software | I19: =JUL!G60 -> 1 | M19: =IF(L19>0,LOOKUP(L19,'Lista de Escolas'!$C$2:$C$181,'Lista de Escolas'!$E$2:$E$181),"")
E20: Escolas de Colmeias | F20: =Totais!M10 -> 0 | H20: Redes | I20: =JUL!H60 -> 3 | M20: =IF(L20>0,LOOKUP(L20,'Lista de Escolas'!$C$2:$C$181,'Lista de Escolas'!$E$2:$E$181),"")
E21: Escolas de Marrazes | F21: =Totais!M12 -> 0 | H21: VPN | I21: =JUL!I60 -> 1 | M21: =IF(L21>0,LOOKUP(L21,'Lista de Escolas'!$C$2:$C$181,'Lista de Escolas'!$E$2:$E$181),"")
E22: Escolas Domingos Sequeira | F22: =Totais!M14 -> 28 | H22: Audio-Visuais | I22: =JUL!J60 -> 2 | M22: =IF(L22>0,LOOKUP(L22,'Lista de Escolas'!$C$2:$C$181,'Lista de Escolas'!$E$2:$E$181),"")
E23: Escolas D. Dinis | F23: =Totais!M16 -> 13 | M23: =IF(L23>0,LOOKUP(L23,'Lista de Escolas'!$C$2:$C$181,'Lista de Escolas'!$E$2:$E$181),"")
E24: Escolas Henrique Sommer | F24: =Totais!M18 -> 15 | M24: =IF(L24>0,LOOKUP(L24,'Lista de Escolas'!$C$2:$C$181,'Lista de Escolas'!$E$2:$E$181),"")
E25: Total | F25: =SUM(F17:F24) -> 141 | M25: =IF(L25>0,LOOKUP(L25,'Lista de Escolas'!$C$2:$C$181,'Lista de Escolas'!$E$2:$E$181),"")
M26: =IF(L26>0,LOOKUP(L26,'Lista de Escolas'!$C$2:$C$181,'Lista de Escolas'!$E$2:$E$181),"")
M27: =IF(L27>0,LOOKUP(L27,'Lista de Escolas'!$C$2:$C$181,'Lista de Escolas'!$E$2:$E$181),"")
M28: =IF(L28>0,LOOKUP(L28,'Lista de Escolas'!$C$2:$C$181,'Lista de Escolas'!$E$2:$E$181),"")
M29: =IF(L29>0,LOOKUP(L29,'Lista de Escolas'!$C$2:$C$181,'Lista de Escolas'!$E$2:$E$181),"")
M30: =IF(L30>0,LOOKUP(L30,'Lista de Escolas'!$C$2:$C$181,'Lista de Escolas'!$E$2:$E$181),"")
M31: =IF(L31>0,LOOKUP(L31,'Lista de Escolas'!$C$2:$C$181,'Lista de Escolas'!$E$2:$E$181),"")
M32: =IF(L32>0,LOOKUP(L32,'Lista de Escolas'!$C$2:$C$181,'Lista de Escolas'!$E$2:$E$181),"")
M33: =IF(L33>0,LOOKUP(L33,'Lista de Escolas'!$C$2:$C$181,'Lista de Escolas'!$E$2:$E$181),"")
M34: =IF(L34>0,LOOKUP(L34,'Lista de Escolas'!$C$2:$C$181,'Lista de Escolas'!$E$2:$E$181),"")
M35: =IF(L35>0,LOOKUP(L35,'Lista de Escolas'!$C$2:$C$181,'Lista de Escolas'!$E$2:$E$181),"")

Sheet Serv. DISIA
A1: Data | B1: Serviço | C1: Divisão | D1: Suporte
B2: Recolha de hotspot Mercado Falcão
B3: Verificação de anomalias telefone psicóloga EB2/3 Carreira
B4: Aferição das ligações do relógio de ponto da Escola Domingos Sequeira
B5: Montagem de Posto de trabalho nos bombeiros Municipais
B6: substituição de posto de trabalho nos bombeiros municipais
B7: aferição de anomalia nos bastidor do banco de portugal
B8: ligação de equipamentos à rede na escola d. dinis
B9: aferição de problemas nas ligações de rede na escola d. dinis
B10: aferição da possibilidade de passagem de patch de fivra entre edificios na Eb1 Boidoeira
B11: instalação de imopressora na Junta de freguesia do Souto da Carpalhosa
B12: substituição de posto de trabalho no posto de turismo da junta de freguesia de monte real
B13: substituição de monitor na divisão de Ambiente
A14: MAIO
A16: 46146 | B16: Instalação de impressora no Mercado Santana para os jornalistas do expresso | C16: Expresso
A17: 46147 | B17: Substituição de Switch e verificação de ligações à rede de todos os postos de trabalho e impressoras | C17: BAG
A18: 46148 | B18: Configuração de impressora em dois computadores dos jornalistas do expresso, mercado santana | C18: Mercado Santana
A19: 46149 | B19: Substituição de dois teclados, verificação das ligações à rede nos postos de trabalho | C19: BAG
A20: 46150 | B20: reset de access point na ludoteca | C20: ludoteca
A21: 46153 | B21: verificação do acesso á internet na biblioteca de praia do pedrogão
B22: verificação do acesso de fibra MEO no espaço de cidadão da JF da Bajouca
B23: verificação do acesso de fibra MEO no espaço de cidadão da JF de Monte Real
B24: verificação do acesso de fibra MEO no espaço de cidadão da JF de Coimbrão
A25: 46154 | B25: Instalação de impressoras de talão nas piscinas
B26: verificação de utilização de pen em televisão LCD, no moinho do papel
B27: verificação da ligação de pc a monitor, ajuste de cabos, no museu de leiria
B28: reinstalação do serviço de vpn, preparação de posto de trabalho para inicio de sessão, bupi JF monte redondo
B29: verificação do acesso de fibra MEO no espaço de cidadão da JF de Maceira
A30: 46155 | B30: Instalação da impressora Zebra nas oficinas da Guimarota
B31: substrituição de discos, do equipamento de video vigilância da Loja do cidadão
A32: 46096 | B32: elaboração de manuais de procedimentos da DISIA
A33: 46160 | B33: verificação do acesso de fibra MEO no espaço de cidadão da JF de St. Catarina da Serra
B34: verificação do acesso de fibra MEO no espaço de cidadão da JF da Caranguejeira
B35: verificação do acesso de fibra MEO no espaço de cidadão da JF de Monte redondo
B36: verificação do acesso de fibra MEO no espaço de cidadão da JF de Souto da Carpalhosa
A37: 46161 | B37: verificação do acesso de fibra MEO no espaço de cidadão da JF de Colmeias
B38: verificação do acesso de fibra MEO no espaço de cidadão da JF de Amor
A39: 46162 | B39: elaboração de manuais de procedimentos da DISIA
B40: receção do equipamento informático e arrumação do mesmo
A41: 46163 | B41: instalação e configuração de antena strarlink no centro de saúde de colmeias
B42: deslocação ao centro de saúde de Colmeias para confirmar serviço de intetrnet das starlinl e sua ativação
A43: 46167 | B43: elaboração de manuais de procedimentos da DISIA
A44: 46168 | B44: ligação de ponto de rede na Caixa de crédito
B45: verificação de acesso ao SIADAP mercado santana
B46: instalçaão de java no mercado santana
A47: 46170 | B47: elaboração de manuais de procedimentos da DISIA
B48: ligação de ponto de rede no arquivo municipal
B49: instalação de 3 conjuntos (computador, minitor, teclado e rato) instalação de switch, mais ligação à rede ethernet, cravagem de 3 cabos de rede, na biblioteca da EB Branca
A50: 46171 | B50: reparação de pc nos Bombeiros municipais, mudaaçade slot, do módulo de memória
B51: verificação de acesso à web na Junta de freguesia da Maceira
A52: 46174 | B52: verificação do acesso de fibra MEO no espaço de cidadão da JF de Bidoeira de Cima
B53: recolha de portátril do Banco de Portugal para reparação
B54: ajuda no inicio de sessão a duncionários dos espaçoa verdes na guimaraota
A55: 46175 | B55: Aferição de necessidades de comunicações e internet e Instalação de equipamento informático, no posto médico da carrreira
B56: Formatação de instalação de todo o software em dois portateis
A57: 46188 | B57: Entrega de equipamento informático Bombeiros Municipais
B58: Instalação de camara cd CCTV no cemitério
B59: Instalação de duas camaras de CCTV no canil municipal
A60: 46191 | B60: Recolha de equipamento informático da Lizbit
B61: Reset do switch do mercado municipal
B62: Recolha de equipamento informático da Lizbit
A63: 46192 | B63: entrega e instalação de equipamento informático no parque de campismo do pedrogão
A64: 46195 | B64: Instalação e configuração de equipamento informático no parque de campismo do pedrogão
A65: 46196 | B65: Reconfiguração da impressora e respetiva porta nos diversos pc's, devido à mudança de endereçamento nas máquinas do parque de campismo
B66: substituição de dois monitores no segurança do Museu de Leiria
B67: verificação de anomalia na plotter do arquivo de leiria
A68: 46198 | B68: Correcção do acesso aos alvéolos na aplicação do parque de campismo do pedrogão
B69: verificação do estado de funcionamento do acesso m30 no espaço cidadão da Junta de freguesia do Coimbrão
B70: verificação do estado de funcionamento do acesso m30 no espaço cidadão da Junta de freguesia de Mointe Real
B71: verificação do estado de funcionamento do acesso m30 no espaço cidadão da Junta de freguesia do souto da carpalhosa
A72: 46202 | B72: verificação do estado de funcionamento do acesso m30 no espaço cidadão da Junta de freguesia da Bidoeira de Cima
B73: verificação do estado de funcionamento do acesso m30 no espaço cidadão da Junta de freguesia de St. Catarina da Serra
B74: verificação do estado de funcionamento do acesso m30 no espaço cidadão da Junta de freguesia de Bajouca
B75: verificação do estado de funcionamento do acesso m30 no espaço cidadão da Junta de freguesia de Amor
A76: 46205 | B76: entrega de equipamento informático, mercado municipal
A77: 46209 | B77: instalação e configuração de impressora no CDIL (Igreja da Misericórdia)
B78: Aferição das necessidades para a instalação e configuração das câmaras de CCTV na Biblioteca Municipal
A79: 46212 | B79: aferição com o Nelson eletricista, da possibilidade de passagem de cabos de rede para a instalação de câmaras de cctv na biblioteca Municipal
A80: 46216 | B80: verificação do acesso de fibra MEO no espaço de cidadão da JF de Monte redondo
B81: verificação do acesso de fibra MEO no espaço de cidadão da JF de Regueira de Pontes

Sheet GEPE
A1: CodESCOLA | B1: CodDGRHE | C1: CodGEPE | D1: Escola | E1: Morada | F1: Localidade | G1: Freguesia | H1: CodAgrupamento | I1: NomeDoAgrupamento
A2: 37 | B2: 259706 | C2: 1009989 | D2: Escola Básica do 1.º Ciclo com Jardim de Infância da Cruz de Areia (Barreira) | E2: R. Poeta José Marques da Cruz | F2: Cruz de Areia | G2: Barreira | H2: 161640 | I2: Escolas José Saraiva
A3: 76 | B3: 256092 | C3: 1009491 | D3: Escola Básica do 1.º Ciclo da Estrada Nacional | E3: Estrada Nacional | F3: Pousos | G3: Pousos | H3: 161627 | I3: Escolas Dr. Correia Mateus
A4: 1 | B4: 286047 | C4: 1009952 | D4: Escola Básica do 1.º Ciclo de A-do-Barbas | E4: R. Principal | F4: A-do-Barbas | G4: Maceira | H4: 160337 | I4: Escolas de Maceira
A5: 2 | B5: 286084 | C5: 1009100 | D5: Escola Básica do 1.º Ciclo de A-dos-Pretos | E5: Estrada da Marinha Grande | F5: A-dos-Pretos | G5: Maceira | H5: 160337 | I5: Escolas de Maceira
A6: 3 | B6: 200591 | C6: 1009606 | D6: Escola Básica do 1.º Ciclo de Agodim | E6: Rua Central | F6: Agodim | G6: Colmeias | H6: 160325 | I6: Escolas de Colmeias
A7: 47 | B7: 257692 | C7: 1009528 | D7: Escola Básica do 1.º Ciclo de Amarela (Leiria) | E7: Av. Marquês de Pombal | F7: Leiria | G7: Leiria | H7: 161639 | I7: Escolas de D. Dinis
A8: 5 | B8: 203520 | C8: 1009299 | D8: Escola Básica do 1.º Ciclo de Amor | E8: R. da Base Aérea, nº. 30 | F8: Amor | G8: Amor | H8: 160349 | I8: Escolas de Marrazes
A9: 6 | B9: 203671 | C9: 1009009 | D9: Escola Básica do 1.º Ciclo de Andreus | E9: R. Mata do Capitão | F9: Andreus | G9: Barreira | H9: 161640 | I9: Escolas José Saraiva
A10: 7 | B10: 203695 | C10: 1009842 | D10: Escola Básica do 1.º Ciclo de Andrinos | E10: Estr. Nacional 350 | F10: Andrinos | G10: Pousos | H10: 161627 | I10: Escolas Dr. Correia Mateus
A11: 9 | B11: 204699 | C11: 1009286 | D11: Escola Básica do 1.º Ciclo de Arrabal | E11: R. João de Deus | F11: Arrabal | G11: Arrabal | H11: 161627 | I11: Escolas Dr. Correia Mateus
A12: 48 | B12: 259111 | C12: 1009349 | D12: Escola Básica do 1.º Ciclo de Arrabalde | E12: R. Pero Alvito | F12: Leiria | G12: Leiria | H12: 161639 | I12: Escolas de D. Dinis
A13: 10 | B13: 254952 | C13: 1009981 | D13: Escola Básica do 1.º Ciclo de Azóia | E13: R. Stª Catarina | F13: Azóia | G13: Azoia | H13: 161640 | I13: Escolas José Saraiva
... A89: 64 | B89: 257874 | C89: 1009239 | D89: Escola Básica do 1.º Ciclo n.º 2 de Monte Real | E89: R. Prof. D. Piedade L. Serra | F89: Monte Real | G89: Monte Real | H89: 160556 | I89: Escolas de Rainha Santa Isabel
C90: 1009014 | D90: Escola Básica do 1º Ciclo Correia Mateus | F90: Leiria | G90: Leiria | I90: Escolas Dr. Correia Mateus
D91: JI Maceirinha | I91: Escolas da Maceira

Sheet Lista de Escolas
B1: Cod_escola | C1: Escola | D1: Cod_ Agrupamento | E1: Agrupamento | F1: Cod. Freguesia | G1: Freguesia
B2: 47 | C2: EB1 Amarela | D2: 3 | E2: Escolas D. Dinis | F2: 16 | G2: Leiria
B3: 48 | C3: EB1 Arrabalde | D3: 3 | E3: Escolas D. Dinis | F3: 16 | G3: Leiria
B4: 12 | C4: EB1 Barosa | D4: 3 | E4: Escolas D. Dinis | F4: 5 | G4: Barosa
B5: 46 | C5: EB1 Branca | D5: 3 | E5: Escolas D. Dinis | F5: 16 | G5: Leiria
B6: 50 | C6: EB1 Capuchos | D6: 3 | E6: Escolas D. Dinis | F6: 16 | G6: Leiria
B7: 49 | C7: EB1 Guimarota | D7: 3 | E7: Escolas D. Dinis | F7: 16 | G7: Leiria
B8: 111 | C8: JI Barosa | D8: 3 | E8: Escolas D. Dinis | F8: 5 | G8: Barosa
B9: 177 | C9: JI Capuchos | D9: 3 | E9: Escolas D. Dinis | F9: 16 | G9: Leiria
B10: 135 | C10: JI Guimarota | D10: 3 | E10: Escolas D. Dinis | F10: 16 | G10: Leiria
B11: 134 | C11: JI Leiria - Capuchos | D11: 3 | E11: Escolas D. Dinis | F11: 16 | G11: Leiria
B12: 21 | C12: EB1 Caldelas | D12: 1 | E12: Escolas da Caranguejeira - Santa Catarina da Serra | F12: 9 | G12: Caranguejeira
B13: 22 | C13: EB1 Caranguejeira | D13: 1 | E13: Escolas da Caranguejeira - Santa Catarina da Serra | F13: 9 | G13: Caranguejeira
... B181: 157 | C181: JI Porto do Carro | D181: 7 | E181: Henrique Sommer | F181: 17 | G181: Maceira

Sheet Equipamento Abatido
A2: Equipamento Abatido
A5: Escola | B5: Equipamento Abatido | C5: Número de Série / Inventário | D5: Abatido em | E5: Status | F5: OBS

Sheet Casos Pendentes
A2: Casos Pendentes
G4: STATUS
A5: Escola | B5: Tarefas Pendentes | C5: Resolvido Em | D5: Status | G5: Pendente | H5: Tratado | I5: Resolvido | M5: 12512
M6: 12741
M7: 13250
M8: 13277
M9: 14032
M10: 14052
M11: 14274
M12: 15141
M13: 15236
M14: 15387
M15: 15680
M16: 15786
M17: 16239
... M31: 17410

Sheet Contactos
A1: Contactos nas Escolas
A3: Agrupamento Rainha Santa Isabel
A4: Escola | B4: Nome | C4: telefone | D4: telemovel | E4: email | F4: função
A5: EB1 Coimbrão | C5: 244686092 | F5: Auxiliar
A6: EB1 Carreira | B6: Srª Fátima | D6: 961628025 | F6: Auxiliar
A7: EB1 Outeiro da Fonte | D7: 916264676 | F7: Auxiliar
A8: EB1 Carvide | D8: 918445486 | F8: Auxiliar
A9: EB1 Monte Redondo | D9: 962442599 | F9: Auxiliar
A10: EB1 Chã da Laranjeira | D10: 936737808 | F10: Auxiliar
A11: EB1 Ortigosa | D11: 916834243 | F11: Auxiliar
A12: EB1 Sismaria e EB1 Lavegadas | D12: 913335139 | F12: Auxiliar
A13: EB1 Serra de Porto Urso | C13: 244611363 | F13: Auxiliar
